#{"t_start": 1770578320.2685711, "env_id": "None"}
r,l,t
-51.49224,1000,18.115159
-55.016872,1000,18.115232
-52.205494,1000,18.115263
-55.631027,1000,18.115286
-51.851482,1000,35.727837
-57.37658,1000,35.727902
-52.554466,1000,35.72793
-52.38064,1000,35.727952
-50.165718,1000,53.313241
-60.525856,1000,53.313312
-50.330803,1000,53.313341
-43.181576,1000,53.313365
-48.4533,1000,68.737932
-48.805183,1000,68.738001
-50.529747,1000,68.738029
-53.404602,1000,68.738059
-41.58069,1000,86.962592
-36.758965,1000,86.962673
-39.59731,1000,86.962702
-36.395756,1000,86.962725
-56.953434,1000,102.701743
-30.894424,1000,102.70181
-55.4891,1000,102.701838
-43.66181,1000,102.70186
-25.566586,1000,119.828573
-23.664312,1000,119.828637
-30.50211,1000,119.832628
-35.0182,1000,119.832669
-67.212654,1000,135.225254
-32.20356,1000,135.225293
-32.835957,1000,135.225308
-43.113644,1000,135.225321
-27.272924,1000,152.82248
-55.931988,1000,152.822541
-26.573612,1000,152.822567
-30.070068,1000,152.822583
-56.080772,1000,169.270226
-36.908558,1000,169.270265
-20.000128,1000,169.270281
-49.090702,1000,169.270294
-49.99988,1000,188.189481
-51.12758,1000,188.189524
1.9608213,1000,188.18954
-31.174137,1000,188.189552
-51.2191,1000,205.004457
-31.81831,1000,205.004498
-52.681168,1000,205.004514
-36.454853,1000,205.004527
-40.652794,1000,222.294765
-47.04033,1000,222.294805
-56.52133,1000,222.294821
-14.498191,1000,222.294833
-29.292957,1000,236.932806
-45.859753,1000,236.932845
-61.267235,1000,236.932861
-50.570263,1000,236.932873
-55.555256,1000,253.442008
-40.074913,1000,253.442048
-64.911865,1000,253.442064
-45.20527,1000,253.442076
-28.571692,1000,267.800155
-36.507935,1000,267.800196
-66.66628,1000,267.80021
-68.1974,1000,267.800222
-62.962597,1000,284.320032
-75.86153,1000,284.320072
-56.363453,1000,284.320087
15.241341,1000,284.3201
-13.386109,1000,299.458215
-55.413715,1000,299.458254
-54.225136,1000,299.45827
-62.382042,1000,299.458282
-65.98595,1000,316.924445
-42.424137,1000,316.92449
-55.271275,1000,316.924506
-34.375065,1000,316.924518
-56.37554,1000,331.541491
-62.144714,1000,331.541538
-35.897446,1000,331.541554
-51.889927,1000,331.541566
-69.418465,1000,348.193278
-65.51679,1000,348.193319
-69.282776,1000,348.193335
-60.992596,1000,348.193347
-36.908592,1000,364.130123
-35.484062,1000,364.130163
-31.818283,1000,364.130178
-35.779953,1000,364.13019
-31.271711,1000,381.767567
-9.091107,1000,381.76761
-21.768911,1000,381.767626
-31.740839,1000,381.767639
-46.236565,1000,397.785834
-46.996456,1000,397.785877
-38.080456,1000,397.785893
-39.06825,1000,397.785905
-36.877197,1000,416.945609
-65.189476,1000,416.945649
2.272418,1000,416.945664
-68.30946,1000,416.945677
-39.1027,1000,431.923911
-52.076595,1000,431.923948
-34.708138,1000,431.923963
-35.89766,1000,431.923975
-3.5717285,1000,448.398391
-73.06345,1000,448.398432
-67.532,1000,448.398447
-38.110897,1000,448.398459
59.260056,1000,463.628749
-23.54764,1000,463.628789
-57.692104,1000,463.628804
65.46846,1000,463.628816
47.859978,1000,481.473321
-49.68546,1000,481.473362
-6.137371,1000,481.473378
-40.43882,1000,481.47339
67.939674,1000,496.155082
-65.62464,1000,496.155121
65.19246,1000,496.155136
109.5598,1000,496.155148
-58.187954,1000,512.753005
-21.986092,1000,512.753044
-36.70905,1000,512.75306
-5.0633826,1000,512.753072
22.744017,1000,527.674388
78.32281,1000,527.674427
-48.948914,1000,527.674443
-38.35633,1000,527.674456
27.795948,1000,544.297116
98.71861,1000,544.297156
-4.9292526,1000,544.297172
-22.818663,1000,544.297184
12.676907,1000,559.740774
-19.413527,1000,559.740815
-51.04855,1000,559.740831
39.24154,1000,559.740844
116.028854,1000,578.707649
74.34289,1000,578.707689
176.9217,1000,578.707705
44.367348,1000,578.707718
100.68152,1000,593.954931
152.49153,1000,593.954988
111.72752,1000,593.955003
28.115,1000,593.955015
124.83311,1000,611.211034
-19.860495,1000,611.211076
135.95534,1000,611.211093
123.82791,1000,611.211106
-32.432323,1000,626.51589
20.48301,1000,626.515972
79.055214,1000,626.515994
20.482052,1000,626.516008
150.88303,1000,644.354745
-56.080677,1000,644.354788
153.42441,1000,644.354804
40.894196,1000,644.354817
170.00006,1000,659.849314
91.92047,1000,659.849359
44.367477,1000,659.849375
44.579628,1000,659.849388
162.65868,1000,678.935375
202.81558,1000,678.935421
22.677456,1000,678.935437
292.02368,1000,678.935449
177.96364,1000,694.839818
213.06796,1000,694.839857
315.58228,1000,694.839872
80.64627,1000,694.839885
62.252945,1000,711.802209
245.51366,1000,711.802258
38.984436,1000,711.802274
255.39873,1000,711.802287
287.32083,1000,733.456762
306.93784,1000,733.456805
325.167,1000,733.456821
30.00116,1000,733.456833
54.930847,1000,753.49569
344.02695,1000,753.495733
208.82018,1000,753.49575
231.10211,1000,753.495763
272.25967,1000,777.066779
156.32614,1000,777.066832
284.6128,1000,777.066849
14.865868,1000,777.066862
297.10907,1000,795.367496
15.13166,1000,795.367538
42.858383,1000,795.367553
59.46978,1000,795.367566
347.914,1000,817.710927
164.02277,1000,817.711001
200.30614,1000,817.711025
217.7221,1000,817.71104
319.67078,1000,835.716905
50.001183,1000,835.716974
93.9788,1000,835.716995
432.3712,1000,835.71701
280.4998,1000,854.511551
74.72126,1000,854.511592
389.57922,1000,854.511608
410.86804,1000,854.51162
266.2969,1000,870.35355
262.74246,1000,870.353591
283.13824,1000,870.353607
2.990848,1000,870.353619
209.6737,1000,888.226957
193.10043,1000,888.226997
363.08417,1000,888.227013
378.72058,1000,888.227025
595.49023,1000,906.965806
636.6561,1000,906.965875
342.8007,1000,906.965894
316.9857,1000,906.965907
499.2738,1000,928.14337
406.7996,1000,928.143411
334.48044,1000,928.143427
159.14285,1000,928.143439
301.33408,1000,951.779445
121.20921,1000,951.779487
393.00397,1000,951.779503
41.067154,1000,951.779515
136.52443,1000,972.036217
443.3931,1000,972.03626
54.36374,1000,972.036276
525.5483,1000,972.036288
284.12427,1000,989.515584
207.16718,1000,989.515628
393.00494,1000,989.515644
97.91555,1000,989.515657
319.1382,1000,1007.955991
67.76391,1000,1007.956038
49.82688,1000,1007.956053
438.75638,1000,1007.956065
91.91834,1000,1024.025265
159.03262,1000,1024.025308
380.2828,1000,1024.025325
309.41626,1000,1024.025338
56.523064,1000,1041.687593
31.148855,1000,1041.687633
350.54663,1000,1041.687648
111.60188,1000,1041.68766
584.21356,1000,1056.410891
159.93568,1000,1056.410937
285.1315,1000,1056.410952
502.26834,1000,1056.410965
169.56161,1000,1074.7475
45.33001,1000,1074.747542
491.75735,1000,1074.747558
155.02942,1000,1074.747571
305.658,1000,1090.380046
49.15384,1000,1090.380084
366.66312,1000,1090.380099
218.60925,1000,1090.380112
48.266266,1000,1107.937795
501.41986,1000,1107.937836
29.252907,1000,1107.937852
372.97025,1000,1107.937864
125.51548,1000,1124.610062
55.894745,1000,1124.610103
528.29236,1000,1124.610119
504.1635,1000,1124.610132
60.1569,1000,1143.780838
78.32081,1000,1143.78089
415.0461,1000,1143.780907
590.7215,1000,1143.78092
649.1977,1000,1161.473132
367.08075,1000,1161.473175
665.5714,1000,1161.473191
503.2235,1000,1161.473204
114.49815,1000,1181.174878
535.1331,1000,1181.174923
505.94458,1000,1181.174939
686.214,1000,1181.174952
347.17883,1000,1198.186374
636.1108,1000,1198.186422
71.974724,1000,1198.186439
489.03665,1000,1198.186452
263.36023,1000,1216.509482
490.22113,1000,1216.509524
665.307,1000,1216.50954
520.33496,1000,1216.509553
527.6582,1000,1232.54361
695.54205,1000,1232.543651
671.12683,1000,1232.543667
432.70673,1000,1232.543679
175.31241,1000,1250.87364
456.73468,1000,1250.873702
149.15366,1000,1250.873722
197.73154,1000,1250.873735
482.13965,1000,1267.319538
505.6292,1000,1267.319578
626.0721,1000,1267.319594
606.32184,1000,1267.319606
603.94867,1000,1285.367985
582.75574,1000,1285.368027
542.5989,1000,1285.368043
589.28906,1000,1285.368056
509.31497,1000,1300.869361
509.75168,1000,1300.86941
663.8403,1000,1300.869426
343.60477,1000,1300.869438
566.6649,1000,1319.365503
638.18304,1000,1319.369724
292.6362,1000,1319.369761
536.7153,1000,1319.369777
700.0096,1000,1334.572592
547.2385,1000,1334.572642
490.7433,1000,1334.572657
647.33374,1000,1334.57267
344.0863,1000,1352.133464
591.17944,1000,1352.133504
574.3437,1000,1352.13352
427.319,1000,1352.133532
547.0572,1000,1369.325928
134.41753,1000,1369.325967
503.4437,1000,1369.325983
546.6191,1000,1369.325995
606.56616,1000,1388.193686
585.8116,1000,1388.193733
586.33435,1000,1388.193748
600.99384,1000,1388.193761
388.9668,1000,1403.848721
286.88098,1000,1403.848763
811.4409,1000,1403.848779
863.9034,1000,1403.848791
853.74304,1000,1422.335638
846.43744,1000,1422.335678
242.01566,1000,1422.335693
493.9567,1000,1422.335705
907.80237,922,1436.465956
709.8368,1000,1437.70244
491.06873,1000,1437.702479
754.09906,1000,1437.702494
353.63922,1000,1452.605207
301.98895,1000,1456.185303
443.1267,1000,1456.185359
406.36588,1000,1456.185391
424.472,1000,1470.551056
542.62,1000,1471.859361
802.9947,1000,1471.859398
711.5477,1000,1471.859413
268.81653,1000,1486.193659
263.35907,1000,1487.445042
351.50037,1000,1487.44508
685.46277,1000,1487.445095
607.32635,1000,1504.782183
398.26587,1000,1506.541023
707.55414,1000,1506.541061
438.23172,1000,1506.541077
743.0065,1000,1520.45398
307.9716,1000,1521.649065
272.60724,1000,1521.649102
503.12048,1000,1521.649118
227.97,1000,1537.368288
391.03433,1000,1538.537093
261.95938,1000,1538.537134
343.76492,1000,1538.53715
860.4371,1000,1553.508377
441.66333,1000,1554.823544
843.8298,1000,1554.823581
674.1954,1000,1554.823596
641.9435,1000,1570.744802
527.1149,1000,1571.920628
241.375,1000,1571.920666
746.16003,1000,1571.920682
533.0955,1000,1585.519199
484.15335,1000,1586.678874
449.40268,1000,1586.678913
585.4018,1000,1586.678929
791.70734,1000,1602.838528
373.84244,1000,1604.114257
363.40955,1000,1604.114297
792.09326,1000,1604.114312
288.05545,1000,1619.054215
348.66428,1000,1620.359799
243.10437,1000,1620.359836
501.94052,1000,1620.359852
578.5694,1000,1638.550731
449.66592,1000,1639.758087
785.531,1000,1639.758157
355.1451,1000,1639.75821
348.62573,1000,1654.870874
368.1608,1000,1656.213047
575.2847,1000,1656.213089
77.30384,1000,1656.213104
331.3677,1000,1672.72342
251.91183,1000,1673.947563
523.24896,1000,1673.947602
125.80144,1000,1673.947618
357.5115,1000,1688.567734
318.6805,1000,1689.784336
644.47784,1000,1689.784376
600.6569,1000,1689.784391
585.1966,1000,1708.322009
369.05063,1000,1709.634315
540.74493,1000,1709.634354
537.98145,1000,1709.63437
474.6002,1000,1726.582322
248.74966,1000,1728.041044
214.68065,1000,1728.041086
336.5628,1000,1728.041102
291.5816,1000,1746.793495
201.03377,1000,1747.987059
201.88187,1000,1747.987097
406.11746,1000,1747.987113
843.1901,1000,1769.100182
78.43753,1000,1770.561735
297.5487,1000,1770.561777
265.58667,1000,1770.561793
305.19968,1000,1787.559035
385.5269,1000,1788.818455
87.29962,1000,1788.818494
287.31918,1000,1788.81851
303.12054,1000,1805.095364
784.8706,1000,1806.281306
256.24518,1000,1806.281343
445.76984,1000,1806.28136
861.14026,1000,1823.352142
876.01105,1000,1824.641968
868.20746,1000,1824.642021
584.93915,1000,1824.642038
435.4789,1000,1839.420696
25.436787,1000,1840.805037
130.52583,1000,1840.805091
284.85413,1000,1840.80513
194.51587,1000,1858.736903
760.9294,1000,1859.994425
834.3686,1000,1859.994466
267.40884,1000,1859.994482
862.6949,1000,1874.662334
878.4276,1000,1875.813809
850.8251,1000,1875.813846
339.99637,1000,1875.813861
851.61523,1000,1895.282471
759.78235,1000,1897.418099
622.6104,1000,1897.418139
310.25452,1000,1897.418155
205.9892,1000,1914.345298
110.056015,1000,1915.632153
889.93726,1000,1915.632196
420.7503,1000,1915.632212
420.29047,1000,1933.534058
327.58218,1000,1934.751072
715.6135,1000,1934.751109
888.2866,1000,1934.751124
352.45468,1000,1950.307073
145.39388,1000,1951.708301
772.557,1000,1951.708348
230.4551,1000,1951.708364
362.83408,1000,1969.510787
871.12683,1000,1970.819829
655.999,1000,1970.819872
844.8122,1000,1970.819891
901.51,985,1984.767336
851.6819,1000,1986.178698
878.73096,1000,1986.178736
691.09735,1000,1986.178751
786.3645,1000,2002.601766
853.411,1000,2004.179534
215.96744,1000,2004.179582
821.50757,1000,2004.179598
85.30251,1000,2019.367325
625.988,1000,2021.032405
768.6147,1000,2021.032443
347.36475,1000,2021.032459
489.47778,1000,2037.903669
685.95844,1000,2039.349212
768.96936,1000,2039.34925
359.6969,1000,2039.349266
423.29257,1000,2054.18266
228.85437,1000,2055.790182
299.2347,1000,2055.79022
396.17914,1000,2055.790237
417.23703,1000,2071.947076
582.93005,1000,2073.39168
616.16986,1000,2073.391718
25.828875,1000,2073.391735
714.82117,1000,2087.755093
661.32825,1000,2089.247592
363.11298,1000,2089.247631
537.28406,1000,2089.247647
714.0402,1000,2106.692908
606.4314,1000,2108.146173
301.4549,1000,2108.146211
699.38464,1000,2108.146225
610.5381,1000,2121.874865
853.2447,1000,2123.280556
317.2146,1000,2123.280594
672.2003,1000,2123.28061
361.2749,1000,2139.363132
395.2935,1000,2141.593334
396.02798,1000,2141.593379
612.16614,1000,2141.593396
297.43182,1000,2157.155641
241.26556,1000,2158.609534
293.9346,1000,2158.609573
363.48825,1000,2158.609588
396.74954,1000,2173.671098
653.131,1000,2177.14083
338.94025,1000,2177.140867
330.9719,1000,2177.140883
211.04196,1000,2191.111753
809.42523,1000,2192.550753
269.17096,1000,2192.550792
858.96295,1000,2192.550807
771.43243,1000,2209.279111
689.65955,1000,2212.823098
676.7657,1000,2212.823137
859.4137,1000,2212.823152
428.8087,1000,2232.441634
639.92834,1000,2233.971374
668.21747,1000,2233.971418
451.23175,1000,2233.971434
877.56775,1000,2248.900467
160.86485,1000,2250.484933
247.00299,1000,2250.484971
328.567,1000,2250.484987
560.1273,1000,2268.881864
907.90784,921,2269.129962
413.4187,1000,2270.415036
629.10333,1000,2270.415076
504.72815,1000,2284.882695
565.47705,1000,2285.136242
855.7859,1000,2286.648465
798.95996,1000,2286.648504
243.64825,1000,2303.906827
306.24542,1000,2304.150784
421.03262,1000,2305.40782
893.25024,1000,2305.407859
466.26138,1000,2320.088407
863.1185,1000,2320.346513
479.14688,1000,2321.708142
844.2424,1000,2321.70818
907.5094,925,2337.055301
765.5248,1000,2337.987035
423.65527,1000,2339.388677
535.77954,1000,2339.388715
503.5189,1000,2352.780567
601.06866,1000,2353.874023
676.12,1000,2355.455858
569.9036,1000,2355.455894
564.4583,1000,2371.514632
689.0154,1000,2372.440306
417.91025,1000,2373.826006
403.6988,1000,2373.826044
922.6039,774,2386.540041
704.9511,1000,2387.775549
861.6817,1000,2388.949734
278.20105,1000,2390.719408
817.33417,1000,2405.349375
756.62634,1000,2406.552885
434.8053,1000,2407.66049
545.36426,1000,2409.334497
697.94543,1000,2423.224909
875.69617,1000,2424.339422
517.2158,1000,2425.270295
283.43143,1000,2426.701125
881.89355,1000,2440.681302
878.7307,1000,2441.852423
760.30475,1000,2442.821161
317.3878,1000,2444.513644
681.69226,1000,2457.434627
803.7853,1000,2458.602391
852.3849,1000,2459.702634
806.0229,1000,2461.30947
907.805,922,2474.47871
520.4462,1000,2476.894289
896.3732,1000,2478.131595
751.9769,1000,2479.636652
604.5447,1000,2490.966392
470.93088,1000,2493.283908
646.5729,1000,2494.25936
681.61816,1000,2495.745528
307.5101,1000,2508.631664
858.9105,1000,2510.8797
787.466,1000,2511.801355
759.1562,1000,2513.192039
630.00055,1000,2523.749107
372.13632,1000,2526.306833
616.26917,1000,2527.342654
840.7736,1000,2529.325971
852.70905,1000,2541.852447
572.0346,1000,2544.13607
442.3148,1000,2545.097683
892.81274,1000,2546.571441
812.9012,1000,2557.773723
867.537,1000,2560.29516
550.6475,1000,2561.246307
547.065,1000,2562.702591
833.11743,1000,2574.967545
862.0755,1000,2577.233179
697.3047,1000,2578.16683
882.94086,1000,2579.550359
539.41077,1000,2589.874215
252.77362,1000,2592.092187
741.33813,1000,2592.991904
682.76154,1000,2594.383572
862.5891,1000,2606.928066
563.2716,1000,2609.199224
753.2491,1000,2610.229788
602.62024,1000,2611.689831
395.51797,1000,2622.063384
548.6456,1000,2624.306369
867.15466,1000,2625.23668
796.6889,1000,2626.625936
805.2709,1000,2638.90264
596.48944,1000,2641.115897
839.86096,1000,2642.036663
514.86115,1000,2643.417055
82.50897,1000,2654.015692
646.75275,1000,2656.558081
528.4832,1000,2657.599846
438.7705,1000,2659.128666
345.25027,1000,2672.651322
648.02924,1000,2674.927697
663.0756,1000,2675.902888
672.55066,1000,2677.319172
891.9811,1000,2688.28548
842.17865,1000,2690.607723
626.678,1000,2691.516507
734.5376,1000,2692.944322
775.9164,1000,2706.839782
770.0025,1000,2709.351608
612.84125,1000,2710.488947
811.8714,1000,2711.96106
313.66464,1000,2722.516499
837.2918,1000,2724.725728
750.1704,1000,2725.642199
358.0379,1000,2727.102281
594.1548,1000,2738.213179
763.12506,1000,2742.637009
817.8655,1000,2743.600504
282.24786,1000,2745.132544
830.3246,1000,2756.718537
878.8083,1000,2759.330748
830.91846,1000,2760.282683
511.49738,1000,2761.677925
424.2697,1000,2773.629978
841.5872,1000,2778.481699
787.55066,1000,2779.484038
803.23285,1000,2780.942903
420.14307,1000,2791.577759
841.1831,1000,2793.88685
852.55054,1000,2794.910649
829.3399,1000,2796.324471
615.7609,1000,2807.736569
674.1969,1000,2812.588123
550.18756,1000,2813.524435
795.27576,1000,2814.907423
855.4759,1000,2826.232162
644.68774,1000,2828.872834
239.91608,1000,2829.93625
565.53815,1000,2831.432375
772.7318,1000,2842.788375
849.4675,1000,2847.070738
319.86786,1000,2848.037905
266.66266,1000,2849.527744
882.02625,1000,2861.018079
876.59607,1000,2863.751518
884.26074,1000,2864.880325
235.61258,1000,2866.595406
551.62274,1000,2878.617346
392.95285,1000,2881.093089
268.2263,1000,2884.381276
780.9569,1000,2885.793216
345.5739,1000,2897.33584
758.8657,1000,2899.739236
766.44006,1000,2900.64916
836.6699,1000,2902.039018
739.55725,1000,2913.14565
566.6709,1000,2915.661318
411.2731,1000,2916.685799
553.43915,1000,2920.195157
888.8572,1000,2930.539781
403.56747,1000,2932.778603
852.5496,1000,2933.703289
592.5663,1000,2935.097202
853.57776,1000,2945.33593
433.55292,1000,2947.554278
394.6571,1000,2948.462394
727.7029,1000,2951.766548
782.74164,1000,2962.513082
839.59784,1000,2964.98062
254.83374,1000,2965.976865
823.07635,1000,2967.515145
865.7593,1000,2978.863437
644.8521,1000,2981.321782
409.87683,1000,2982.336753
534.62946,1000,2983.888968
486.20844,1000,2996.233578
236.5964,1000,2998.438326
685.9887,1000,2999.343805
149.16449,1000,3000.762055
862.27374,1000,3011.380356
418.3786,1000,3013.887865
414.55994,1000,3014.944836
815.3271,1000,3016.526828
451.82584,1000,3029.202283
714.0359,1000,3031.458708
477.6988,1000,3032.376144
335.97144,1000,3033.767753
821.5713,1000,3044.034132
346.2495,1000,3046.260967
516.53796,1000,3047.189187
232.22122,1000,3048.571499
855.65234,1000,3060.750869
840.19995,1000,3063.027801
871.43854,1000,3063.987298
562.6152,1000,3065.494573
469.27332,1000,3076.952435
174.6433,1000,3079.415666
489.03644,1000,3080.446111
310.41864,1000,3082.012953
706.8971,1000,3094.806428
468.31827,1000,3097.104193
733.88965,1000,3098.027406
463.82617,1000,3099.434496
540.00543,1000,3109.807616
442.74597,1000,3112.019204
452.04584,1000,3112.954206
218.60748,1000,3114.407695
859.5689,1000,3127.078114
565.58136,1000,3129.283253
510.92453,1000,3130.191643
906.7067,933,3130.590103
604.2212,1000,3141.725035
787.23157,1000,3143.878234
485.1826,1000,3144.763723
650.9114,1000,3145.163379
518.73926,1000,3158.528094
863.70056,1000,3160.790734
618.4482,1000,3161.754958
869.9339,1000,3162.164631
617.74036,1000,3174.228481
843.6681,1000,3176.709672
401.5529,1000,3177.745945
501.507,1000,3178.199243
584.2225,1000,3192.217749
529.381,1000,3194.46226
845.39923,1000,3195.384659
608.1942,1000,3195.810851
666.66925,1000,3207.159418
771.8014,1000,3209.407434
633.1004,1000,3210.350834
525.7711,1000,3210.753154
746.6482,1000,3224.118168
686.564,1000,3226.333879
858.49927,1000,3227.27352
653.12463,1000,3227.688537
785.3102,1000,3239.091015
786.85516,1000,3241.317312
859.5667,1000,3242.253309
658.5149,1000,3242.666041
288.68762,1000,3255.907363
441.1344,1000,3258.16661
487.45364,1000,3259.100119
620.34045,1000,3259.510237
831.82086,1000,3271.649325
878.10406,1000,3274.140541
633.7978,1000,3275.177962
855.06476,1000,3275.636777
650.0023,1000,3290.084544
354.83392,1000,3292.366917
659.49646,1000,3293.298491
832.43866,1000,3293.707621
730.8657,1000,3305.063794
837.5008,1000,3307.318948
658.8655,1000,3308.2582
620.1274,1000,3308.692562
709.06506,1000,3322.459214
614.2901,1000,3324.748739
694.4271,1000,3325.686339
688.2793,1000,3326.109039
716.09717,1000,3337.470639
853.9066,1000,3339.720892
553.8502,1000,3340.646696
561.0151,1000,3341.051894
756.672,1000,3354.713966
696.7241,1000,3356.981429
626.6704,1000,3357.942607
763.1624,1000,3358.355007
892.13666,1000,3369.997364
780.14294,1000,3372.440687
444.71002,1000,3373.452146
295.0134,1000,3373.910751
268.6086,1000,3388.412976
476.78702,1000,3390.635886
704.2013,1000,3391.554912
852.0072,1000,3391.961403
575.4132,1000,3403.215427
280.79105,1000,3405.424925
423.98044,1000,3406.332791
768.2185,1000,3406.74875
496.71808,1000,3420.385177
496.02478,1000,3422.648752
455.90588,1000,3423.602635
655.32416,1000,3424.015244
653.4264,1000,3435.213402
335.36996,1000,3437.427833
871.4357,1000,3438.352552
311.9561,1000,3438.77927
835.49054,1000,3450.162701
168.29076,1000,3454.314377
706.8984,1000,3455.237522
275.37125,1000,3455.652153
143.41628,1000,3466.906639
508.2177,1000,3469.296184
308.75455,1000,3470.327026
701.41986,1000,3470.77786
302.6357,1000,3483.419944
394.76956,1000,3487.951764
204.47333,1000,3488.896521
724.637,1000,3489.308128
445.17764,1000,3500.740667
249.69185,1000,3502.99352
636.6564,1000,3503.915677
639.8095,1000,3504.341428
310.09042,1000,3515.699189
788.11304,1000,3520.082123
855.93823,1000,3521.014633
551.08685,1000,3521.427109
297.98907,1000,3532.721217
708.6448,1000,3534.935758
888.85614,1000,3535.844953
735.82184,1000,3536.25721
839.7239,1000,3547.582314
386.48242,1000,3549.863501
599.0378,1000,3552.693583
799.633,1000,3553.107201
757.14575,1000,3564.374071
666.3245,1000,3566.668155
871.43506,1000,3567.631756
638.41266,1000,3568.071153
873.4874,1000,3580.744052
701.9508,1000,3583.263798
599.0567,1000,3586.316268
790.00476,1000,3586.732481
868.5109,1000,3598.096243
463.56964,1000,3600.346724
609.7901,1000,3601.264863
421.73425,1000,3601.677608
683.9533,1000,3613.033969
853.24426,1000,3615.294453
822.8027,1000,3616.241967
741.7529,1000,3616.675492
431.44174,1000,3630.11599
838.3564,1000,3632.346123
902.9058,971,3633.232543
830.6965,1000,3633.296362
873.9869,1000,3645.052306
278.87744,1000,3647.282998
835.59906,1000,3648.161753
686.2071,1000,3648.225027
907.30396,927,3660.806853
226.08269,1000,3664.240015
728.8624,1000,3665.156741
435.47928,1000,3665.224954
819.0995,1000,3676.931417
850.9508,1000,3680.59528
862.1262,1000,3681.55824
339.99576,1000,3681.628619
808.20294,1000,3694.643676
782.1615,1000,3698.062705
739.59656,1000,3698.953262
514.03436,1000,3699.017463
584.04974,1000,3709.594728
919.8044,802,3710.837203
904.60156,954,3712.241687
441.51117,1000,3713.853994
774.12384,1000,3726.574674
901.4057,986,3727.626868
692.77,1000,3729.261166
548.74304,1000,3730.895781
825.08795,1000,3741.409495
626.90405,1000,3742.430799
826.3595,1000,3744.012232
421.27307,1000,3745.598753
347.67007,1000,3758.096177
758.7029,1000,3759.117308
280.43045,1000,3760.727769
851.67944,1000,3762.338963
322.94626,1000,3773.839252
731.0906,1000,3775.013566
716.77344,1000,3776.835472
516.8903,1000,3778.632289
724.62976,1000,3791.855528
677.1292,1000,3792.895073
852.6849,1000,3794.503518
872.4185,1000,3796.092497
292.85593,1000,3806.649012
864.5469,1000,3807.696697
904.7074,953,3808.608002
892.57153,1000,3810.894054
909.2075,908,3823.367444
312.9645,1000,3823.725297
881.8908,1000,3825.684787
333.89362,1000,3827.968191
804.2894,1000,3838.23468
893.3998,1000,3838.604708
706.896,1000,3840.524215
884.91156,1000,3842.812118
636.85034,1000,3855.027463
488.0453,1000,3855.390546
606.0972,1000,3857.322865
782.1496,1000,3859.590768
454.76553,1000,3870.543274
851.8953,1000,3870.948547
387.96793,1000,3873.098365
707.8126,1000,3875.667096
217.40463,1000,3888.665883
803.62445,1000,3889.025257
865.7845,1000,3890.947579
541.6495,1000,3893.270131
917.2108,828,3901.33642
816.9745,1000,3903.565536
609.96844,1000,3905.842519
412.106,1000,3908.168872
524.99786,1000,3918.380779
849.28314,1000,3920.617491
700.75916,1000,3922.926805
670.3291,1000,3925.239474
867.28357,1000,3933.239988
650.99744,1000,3935.460757
375.88107,1000,3937.750304
778.14233,1000,3940.037021
504.23712,1000,3950.080451
888.81494,1000,3952.357705
845.8567,1000,3954.69176
564.66833,1000,3957.06678
538.29486,1000,3965.398548
403.4931,1000,3967.833792
430.19754,1000,3970.38212
574.58484,1000,3972.910794
772.1353,1000,3981.864796
791.7024,1000,3986.117439
857.7004,1000,3988.372929
805.92804,1000,3990.651963
719.3618,1000,3998.773731
632.8613,1000,4001.050521
900.408,996,4003.290015
712.1052,1000,4005.675125
888.4232,1000,4013.730137
529.04193,1000,4018.073874
880.8541,1000,4020.274237
365.79333,1000,4022.631731
732.75616,1000,4030.630029
739.87115,1000,4032.840825
525.4649,1000,4035.062565
791.47327,1000,4037.366973
277.70428,1000,4045.388176
600.3531,1000,4049.519316
590.3802,1000,4051.709557
889.4438,1000,4054.068064
679.14557,1000,4062.653507
278.20126,1000,4066.700285
791.1582,1000,4069.207887
878.8072,1000,4071.997721
867.8635,1000,4080.57768
885.6738,1000,4082.963859
727.3663,1000,4088.088727
913.5025,865,4088.441185
452.07965,1000,4098.432838
766.43884,1000,4100.633581
501.4709,1000,4102.838941
558.4462,1000,4103.203424
614.29395,1000,4113.460562
697.58636,1000,4115.799853
453.84317,1000,4120.128161
886.6312,1000,4120.489574
523.0493,1000,4130.574231
752.74414,1000,4132.804376
562.97174,1000,4135.008376
814.82837,1000,4135.391635
822.5641,1000,4145.399573
550.5547,1000,4147.603201
871.5364,1000,4151.737659
875.2739,1000,4152.103917
914.7021,853,4159.999596
919.00397,810,4163.789611
880.4792,1000,4164.422973
603.0809,1000,4167.10214
800.3329,1000,4175.802344
483.3328,1000,4179.975899
340.47168,1000,4180.676704
503.6992,1000,4185.576276
727.5875,1000,4193.469034
612.27936,1000,4197.28641
891.9712,1000,4197.926403
879.8066,1000,4200.472334
606.89594,1000,4208.347645
603.949,1000,4212.125801
788.89026,1000,4212.761461
884.913,1000,4215.36567
618.02576,1000,4225.405061
786.93506,1000,4229.176295
821.15424,1000,4229.794601
697.46826,1000,4232.380776
628.8124,1000,4240.295311
831.9774,1000,4244.058254
366.21207,1000,4244.679638
867.2823,1000,4247.211355
878.0264,1000,4256.962516
630.0001,1000,4260.706801
652.5076,1000,4261.331741
891.93896,1000,4263.905652
595.3707,1000,4272.526117
536.3599,1000,4276.696602
811.76953,1000,4277.383741
800.68494,1000,4280.211865
