#{"t_start": 1770500331.618574, "env_id": "None"}
r,l,t
-53.4046,1000,22.592778
-59.37452,1000,22.592878
-56.375385,1000,22.592911
-56.24954,1000,22.592936
-45.94563,1000,43.423651
-38.697342,1000,43.423748
-41.391754,1000,43.423779
-44.444218,1000,43.423801
-46.66646,1000,63.690958
-40.350864,1000,63.691031
-49.253418,1000,63.691059
-34.782696,1000,63.691082
-35.48384,1000,85.667593
-31.034683,1000,85.66766
-39.28572,1000,85.667688
-33.139725,1000,85.66771
-30.327988,1000,105.966602
-65.908676,1000,105.966678
-54.397182,1000,105.966707
-37.499912,1000,105.966729
-47.18279,1000,126.956175
-53.642128,1000,126.956259
-17.241375,1000,126.956288
-33.110466,1000,126.956312
-26.66673,1000,147.465349
-62.837334,1000,147.469502
-33.08552,1000,147.469554
-2.723677,1000,147.469572
-11.660782,1000,167.713474
-64.17869,1000,167.713516
-19.463118,1000,167.713533
-30.07001,1000,167.713545
-38.775513,1000,188.653296
-39.285664,1000,188.653339
-67.42623,1000,188.653355
-22.818804,1000,188.653367
-50.177727,1000,209.311663
-44.237785,1000,209.311721
-32.66004,1000,209.31174
-40.199154,1000,209.311754
-50.17773,1000,229.770387
-15.309702,1000,229.770437
-10.78064,1000,229.770455
29.411587,1000,229.770468
11.96894,1000,250.064574
-10.493782,1000,250.064628
-3.7801435,1000,250.064658
-40.39728,1000,250.064679
-30.232681,1000,271.212354
-37.125736,1000,271.212411
-30.379965,1000,271.212429
19.40269,1000,271.212501
-19.58067,1000,292.230145
-68.64068,1000,292.230198
-64.51574,1000,292.230217
-32.03905,1000,292.23023
17.885859,1000,312.482138
-31.952734,1000,312.482191
-17.85744,1000,312.482208
-27.835306,1000,312.482221
-60.395767,1000,333.448443
-31.408194,1000,333.448514
-27.835255,1000,333.448532
-61.40324,1000,333.448559
39.194504,1000,353.622683
-33.098824,1000,353.622733
-24.460318,1000,353.62275
19.231441,1000,353.622763
-51.139954,1000,374.287436
-30.091457,1000,374.287494
-41.176483,1000,374.287512
-26.470867,1000,374.287524
-50.16599,1000,394.300744
54.717712,1000,394.300798
-26.174763,1000,394.300815
-67.50862,1000,394.300828
-28.571611,1000,414.920471
-28.327621,1000,414.920517
-12.892186,1000,414.920533
-35.811005,1000,414.920546
-57.85421,1000,436.217686
41.819126,1000,436.217738
-30.921244,1000,436.217755
-38.405933,1000,436.217767
-12.225875,1000,456.361141
-43.82018,1000,456.361197
-51.139977,1000,456.361217
-36.619804,1000,456.36123
1.1233991,1000,477.659319
-16.666346,1000,477.659374
-45.783146,1000,477.659393
-63.369656,1000,477.659406
-35.48409,1000,497.877435
-48.904896,1000,497.87748
-4.7616854,1000,497.877496
-46.619217,1000,497.877509
-38.775455,1000,518.406249
6.618434,1000,518.40631
-9.448344,1000,518.406328
-54.692394,1000,518.406341
153.4212,1000,535.404842
87.07619,1000,535.404893
207.4307,1000,535.40491
209.02795,1000,535.404923
211.03186,1000,552.372339
92.43031,1000,552.372392
254.6297,1000,552.37241
53.596176,1000,552.372484
-43.03796,1000,574.235932
-26.045286,1000,574.235984
54.640335,1000,574.236002
-5.262585,1000,574.236015
-44.852863,1000,594.931592
-58.646404,1000,594.931638
-15.194108,1000,594.931654
56.584892,1000,594.931666
189.19843,1000,617.659327
45.908585,1000,617.659388
-27.00702,1000,617.659405
237.97752,1000,617.659418
35.136208,1000,637.776476
62.07022,1000,637.776523
168.45677,1000,637.776539
212.7129,1000,637.776551
-1.0593147,1000,657.912535
124.558525,1000,657.912581
291.66324,1000,657.912599
-40.76646,1000,657.912612
54.071053,1000,677.585644
122.94935,1000,677.585689
-33.554596,1000,677.585705
-50.381565,1000,677.585718
350.32904,1000,697.581691
74.60356,1000,697.581746
244.20074,1000,697.581763
-5.5937357,1000,697.581775
36.520126,1000,719.027979
68.83225,1000,719.028029
343.29532,1000,719.028046
331.8151,1000,719.028059
-33.110146,1000,738.365153
193.72539,1000,738.365197
-37.72872,1000,738.365213
62.070244,1000,738.365226
412.57468,1000,759.567561
34.42737,1000,759.56761
290.67822,1000,759.567627
-19.297928,1000,759.56764
327.00473,1000,779.579501
361.01505,1000,779.579607
314.2834,1000,779.579632
-25.650225,1000,779.579645
364.16003,1000,799.696221
408.64755,1000,799.696262
215.10982,1000,799.696278
405.22327,1000,799.69629
14.198496,1000,821.364712
9.091801,1000,821.364755
330.67578,1000,821.36477
191.1737,1000,821.364783
466.77078,1000,841.185995
190.53723,1000,841.186049
221.42508,1000,841.186066
325.0832,1000,841.186079
98.79327,1000,862.039768
389.9293,1000,862.039812
9.891018,1000,862.039828
-77.12362,1000,862.03984
274.5542,1000,881.898323
105.296906,1000,881.89838
101.317955,1000,881.898398
237.88052,1000,881.898411
-34.375233,1000,901.740926
358.9019,1000,901.740971
254.83472,1000,901.740987
439.67978,1000,901.741
326.22617,1000,921.020772
319.35187,1000,921.020812
101.2966,1000,921.020828
380.5166,1000,921.020841
401.65747,1000,940.946446
439.74588,1000,940.946512
456.571,1000,940.94653
335.3282,1000,940.946543
255.82523,1000,961.92002
304.49072,1000,961.920078
345.9893,1000,961.920095
7.5706334,1000,961.920109
332.7253,1000,982.050134
339.9969,1000,982.050178
507.00037,1000,982.050194
340.72568,1000,982.050206
2.190474,1000,1002.309956
281.86423,1000,1002.310016
375.72647,1000,1002.310035
539.85925,1000,1002.31005
226.31161,1000,1022.571553
261.6993,1000,1022.571615
520.45917,1000,1022.571631
529.88965,1000,1022.571644
55.8948,1000,1042.368235
178.12054,1000,1042.368291
476.2666,1000,1042.368308
479.30634,1000,1042.368321
596.24835,1000,1064.184411
252.74796,1000,1064.184467
473.61688,1000,1064.184485
384.3707,1000,1064.184498
280.4663,1000,1081.85329
216.89642,1000,1081.853429
528.9776,1000,1081.853473
619.8446,1000,1081.853499
8.272697,227,1087.788863
3.0553207,216,1092.922531
391.9068,1000,1101.890826
435.94272,1000,1101.890868
239.34503,1000,1101.890884
312.96432,1000,1111.403231
10.204994,1000,1119.940238
808.20245,1000,1119.940278
709.3579,1000,1119.940295
157.03763,1000,1128.803457
280.6183,1000,1137.105225
161.82648,1000,1137.105263
555.4073,1000,1137.105278
767.47766,1000,1146.476439
656.5791,1000,1155.298328
707.97437,1000,1155.298367
885.6711,1000,1155.298383
203.22205,1000,1165.322704
344.43973,1000,1173.984818
762.8822,1000,1173.984858
313.9035,1000,1173.984874
770.5064,1000,1183.154279
795.3143,1000,1191.60721
45.21589,1000,1191.607252
487.49527,1000,1191.607268
424.78842,1000,1200.423266
173.92279,1000,1208.860841
541.3159,1000,1208.86088
253.6076,1000,1208.860896
348.1559,1000,1217.944565
216.72168,1000,1226.196399
493.33017,1000,1226.196439
579.4523,1000,1226.196455
762.0716,1000,1235.479976
490.20953,1000,1244.043041
841.37976,1000,1244.043088
271.42426,1000,1244.043104
246.2847,1000,1253.042584
840.5635,1000,1261.451239
733.87854,1000,1261.451284
326.51828,1000,1261.451301
671.81476,1000,1271.59957
653.3325,1000,1280.903525
358.61606,1000,1280.903568
262.0645,1000,1280.903584
488.68048,1000,1290.74287
278.45767,1000,1299.699956
245.45506,1000,1299.699999
575.6768,1000,1299.700015
772.59125,1000,1309.235084
380.47696,1000,1317.779631
83.392006,1000,1317.779675
494.50027,1000,1317.779691
865.1183,1000,1324.403667
542.3579,1000,1334.993083
310.5223,1000,1334.993127
53.595757,1000,1334.993144
545.16986,1000,1341.656438
174.30444,1000,1352.219111
795.5871,1000,1352.219151
120.21777,1000,1352.219166
770.0031,1000,1359.09303
180.64084,1000,1369.950271
674.44696,1000,1369.950312
671.7736,1000,1369.950328
543.37946,1000,1376.620895
771.9046,811,1384.270387
499.3556,1000,1387.151547
787.6515,1000,1387.151585
569.0357,1000,1393.856478
335.36972,1000,1401.560795
826.31946,1000,1404.427268
643.0406,1000,1404.427306
753.66364,1000,1411.323249
298.90286,1000,1419.24612
375.8574,1000,1422.096363
227.39737,1000,1422.096401
234.51498,1000,1428.890529
442.12122,1000,1436.678806
524.6457,1000,1439.588976
805.7305,1000,1439.589015
436.1806,1000,1446.324287
779.70654,1000,1454.079649
844.6415,1000,1456.95645
719.50446,1000,1456.956488
774.5617,1000,1463.78807
812.0943,1000,1471.817034
878.4236,1000,1474.677295
872.1326,1000,1474.681439
596.3753,1000,1481.350884
489.6515,1000,1489.044575
841.59076,1000,1492.171868
844.65814,1000,1492.171914
279.4075,1000,1499.540018
518.25574,1000,1507.827924
764.66736,1000,1510.851938
563.3315,1000,1510.851977
881.35516,1000,1517.860672
327.5815,1000,1526.110844
684.7769,1000,1529.152367
340.13623,1000,1529.152407
819.2344,1000,1536.396184
732.79333,1000,1545.180621
638.3607,1000,1548.268939
839.106,1000,1548.268989
58.96646,267,1552.644772
594.6643,1000,1564.933175
728.2525,1000,1564.933215
450.33148,1000,1564.933231
373.3492,1000,1569.000794
234.36044,1000,1580.735962
269.56073,1000,1580.736005
245.19095,1000,1580.736021
666.23676,1000,1587.099554
379.99576,1000,1598.472157
855.64215,1000,1598.472201
854.07355,1000,1598.472217
613.37885,1000,1605.490535
901.30975,987,1617.116512
429.0275,1000,1617.394496
885.6727,1000,1617.394537
695.5303,1000,1624.791316
889.251,1000,1639.923834
232.1872,1000,1640.160115
741.26825,1000,1640.160167
455.1919,1000,1646.770807
130.52516,1000,1659.869579
797.8928,1000,1660.134747
742.4927,1000,1660.134787
661.7586,1000,1666.916095
345.2007,1000,1678.02698
538.9858,1000,1678.243672
718.18384,1000,1678.243712
864.5475,1000,1684.456507
882.1501,1000,1695.609324
785.90924,1000,1695.841288
460.39905,1000,1695.841326
638.862,1000,1702.085513
716.72754,1000,1713.286691
681.45917,1000,1713.526225
153.20084,1000,1713.526263
836.46124,1000,1720.301188
694.0243,1000,1731.93898
892.54425,1000,1732.162833
627.5648,1000,1732.162872
842.9536,1000,1738.298689
538.89166,1000,1749.34392
791.61224,1000,1749.565135
615.97845,1000,1749.565173
347.9451,1000,1755.742413
271.51245,1000,1766.558373
371.01062,1000,1766.794141
422.55344,1000,1766.794177
489.5488,1000,1771.239658
713.43787,1000,1784.601002
524.1157,1000,1784.828231
551.2463,1000,1784.828268
618.86505,1000,1788.957201
253.15578,1000,1802.125905
790.11865,1000,1802.345628
589.19476,1000,1802.345665
634.0061,1000,1806.460251
704.1239,1000,1819.800444
784.6172,1000,1820.03919
604.32367,1000,1820.039225
440.2949,1000,1824.713657
561.195,1000,1838.353281
570.891,1000,1838.57533
460.50735,1000,1838.575368
664.04913,1000,1842.644004
869.60034,1000,1856.50879
789.29266,1000,1856.736743
864.794,1000,1856.73678
298.74948,1000,1861.257455
579.2428,1000,1875.052996
266.9984,1000,1875.287613
764.19806,1000,1875.287654
371.82584,1000,1879.913497
659.081,1000,1893.93139
352.82523,1000,1894.148975
725.1815,1000,1894.149015
638.1937,1000,1898.2234
614.82465,1000,1912.177218
232.16333,1000,1912.406822
759.8584,1000,1912.406861
286.57706,1000,1916.580058
923.50366,765,1926.317107
504.32394,1000,1929.871367
218.4671,1000,1930.110517
470.96255,1000,1934.752777
412.36258,1000,1945.145577
831.1612,1000,1948.661726
392.5778,1000,1948.885647
525.3793,1000,1953.050126
688.7765,1000,1962.807877
587.2948,1000,1966.184361
786.60425,1000,1966.411065
853.67786,1000,1970.513883
877.8642,1000,1980.345933
519.6299,1000,1983.89845
786.4428,1000,1984.133024
608.9048,1000,1988.700029
409.99597,1000,1999.254376
800.37244,1000,2002.648948
424.47186,1000,2002.871349
786.0824,1000,2006.945089
328.5665,1000,2016.660857
801.9081,1000,2020.082358
356.58798,1000,2020.306262
337.10187,1000,2024.408156
840.56464,1000,2039.136873
504.3564,1000,2039.136915
544.0231,1000,2039.13693
356.30704,1000,2039.136943
295.34433,1000,2055.289136
308.16058,1000,2055.289176
342.5633,1000,2055.289192
320.87045,1000,2055.289205
296.54697,1000,2073.503842
430.48444,1000,2073.503882
305.49374,1000,2073.503897
628.8727,1000,2073.50391
784.11066,1000,2090.872136
783.5663,1000,2090.872179
819.3031,1000,2090.872195
486.20233,1000,2090.872208
494.20953,1000,2109.131395
818.3662,1000,2109.131434
473.4235,1000,2109.13145
371.75864,1000,2109.131462
619.40466,1000,2126.694175
853.24854,1000,2126.694214
411.90057,1000,2126.69423
745.58923,1000,2126.694242
530.53577,1000,2143.972286
808.7743,1000,2143.972327
658.39417,1000,2143.972343
528.8644,1000,2143.972356
324.14447,1000,2162.510281
284.10178,1000,2162.510323
237.04298,1000,2162.510339
824.60693,1000,2162.510352
538.7164,1000,2179.647747
355.55063,1000,2179.647815
398.30023,1000,2179.647833
820.7913,1000,2179.647847
43.07454,267,2183.664509
744.82886,1000,2196.800893
579.43933,1000,2196.800933
871.3289,1000,2196.800949
478.23145,1000,2201.03048
343.6568,1000,2214.830976
798.8824,1000,2214.83102
648.2736,1000,2214.831036
332.05093,1000,2218.782791
720.9023,1000,2232.00286
760.54535,1000,2232.002903
840.95355,1000,2232.002919
302.43497,1000,2236.03802
871.0186,1000,2249.185535
383.33264,1000,2249.185575
874.6471,1000,2249.185591
804.92505,1000,2253.347176
644.4476,1000,2267.402935
401.7138,1000,2267.40298
789.6558,1000,2267.402996
643.8622,1000,2271.474245
880.62646,1000,2284.846698
476.50763,1000,2284.84674
472.81268,1000,2284.846756
845.3228,1000,2288.911877
920.605,794,2299.009065
705.4613,1000,2302.121133
644.96466,1000,2302.121173
837.5038,1000,2306.215835
888.9332,1000,2317.19623
889.257,1000,2320.317394
860.7243,1000,2320.317431
740.1404,1000,2324.330634
452.8656,1000,2334.363063
876.47925,1000,2337.522829
849.2307,1000,2337.522868
418.28937,1000,2341.579902
436.50485,1000,2351.672398
820.7587,1000,2354.849955
451.8348,1000,2354.849995
19.602432,1000,2358.964107
463.1354,1000,2370.220524
722.4369,1000,2373.418946
664.90497,1000,2373.418986
857.3836,1000,2377.490551
909.80585,902,2384.121886
639.42017,1000,2390.972204
871.7398,1000,2390.972245
640.34985,1000,2395.087646
794.74506,1000,2401.693136
877.365,1000,2408.470247
656.4121,1000,2408.470289
799.331,1000,2412.599935
701.92474,1000,2419.625328
313.3291,1000,2426.783114
872.3237,1000,2426.783153
848.1531,1000,2430.921786
495.5846,1000,2437.568956
830.6976,1000,2444.380975
641.9377,1000,2444.381013
813.21277,1000,2448.452669
920.40375,796,2451.907293
436.51245,1000,2461.816297
366.66272,1000,2461.816335
390.25613,1000,2465.805357
860.268,1000,2469.301814
867.5379,1000,2480.090965
541.3133,1000,2480.091004
478.59378,1000,2484.212565
592.55493,1000,2487.683266
267.2093,1000,2497.594591
464.25864,1000,2497.594631
459.74344,1000,2512.086919
254.16193,1000,2512.086961
295.8291,1000,2512.086978
303.45334,1000,2512.08699
444.84628,1000,2527.655503
201.68985,1000,2527.655542
297.30142,1000,2527.655557
780.1607,1000,2527.65557
220.89099,1000,2546.507936
806.0432,1000,2546.507975
323.07483,1000,2546.507991
828.0096,1000,2546.508003
542.4073,1000,2563.457278
765.3234,1000,2563.457318
331.81412,1000,2563.457334
896.37524,1000,2563.457346
555.28845,1000,2578.392569
580.86273,1000,2578.392615
854.89484,1000,2578.392631
380.88815,1000,2578.392643
467.48242,1000,2595.726148
845.16046,1000,2595.726188
327.649,1000,2595.726204
853.0751,1000,2595.726217
926.4046,736,2608.629373
288.8848,1000,2612.507495
259.8571,1000,2612.507534
681.5411,1000,2612.50755
832.20953,1000,2625.537246
239.09946,1000,2629.776793
269.6326,1000,2629.776832
615.2106,1000,2629.776847
606.4855,1000,2643.163959
412.72495,1000,2647.132632
615.828,1000,2647.132671
623.8816,1000,2647.132687
493.33072,1000,2660.253014
644.4118,1000,2664.236741
625.92487,1000,2664.23678
415.89655,1000,2664.236796
236.59665,1000,2677.320689
879.4564,1000,2681.395297
853.13257,1000,2681.395336
765.0575,1000,2681.395352
812.2868,1000,2694.852478
925.201,748,2695.05818
869.9317,1000,2698.817336
602.702,1000,2698.817375
701.26385,1000,2711.823083
788.1429,1000,2712.024117
762.2094,1000,2715.762802
591.274,1000,2715.76284
892.547,1000,2728.609365
849.8129,1000,2728.812379
687.9877,1000,2732.634802
725.4574,1000,2732.634841
538.8857,1000,2746.200133
835.8165,1000,2746.404202
588.31726,1000,2750.179625
634.9862,1000,2750.179662
668.7516,1000,2763.333726
795.8348,1000,2763.541316
879.4547,1000,2767.271173
867.39667,1000,2767.27121
875.5291,1000,2780.171983
687.1642,1000,2780.375231
883.61334,1000,2784.116127
837.7327,1000,2784.116181
889.2962,1000,2797.493371
369.13174,1000,2797.695139
906.20807,938,2800.528375
713.3367,1000,2801.4623
777.4205,1000,2814.648828
531.23956,1000,2814.849144
699.2481,1000,2817.670754
827.80896,1000,2818.610555
860.2999,1000,2831.622219
240.9049,1000,2831.824985
877.4983,1000,2834.648316
558.0053,1000,2835.579117
811.56604,1000,2849.129622
583.8751,1000,2849.331311
329.52597,1000,2852.159241
250.47769,1000,2853.102998
320.88187,1000,2866.488739
859.2647,1000,2866.691683
907.40625,926,2869.387371
710.7151,1000,2869.588013
433.83,1000,2883.449151
761.0286,1000,2883.652004
334.9268,1000,2886.318268
362.06458,1000,2886.517093
908.30316,917,2902.417707
746.6971,1000,2904.218868
839.85486,1000,2907.286283
642.04376,1000,2907.506035
783.2776,1000,2923.206306
313.0388,1000,2924.811158
492.98947,1000,2927.790718
528.6736,1000,2928.013805
828.2747,1000,2942.201851
296.96497,1000,2943.787959
287.41324,1000,2946.78064
888.60266,1000,2947.008521
445.44962,1000,2961.420253
639.93695,1000,2963.036544
341.43793,1000,2966.059643
580.14307,1000,2966.284611
637.37555,1000,2983.088508
703.39404,1000,2983.08855
398.28973,1000,2983.088567
418.51422,1000,2983.088579
689.47845,1000,3000.12779
274.99652,1000,3000.127832
202.32326,1000,3000.127849
295.01355,1000,3000.127862
933.40094,666,3014.605951
645.8288,1000,3019.814826
854.2085,1000,3019.814868
848.62415,1000,3019.814884
827.2821,1000,3033.582359
383.32956,1000,3039.208408
174.13837,1000,3039.208448
305.4011,1000,3039.208465
652.9007,1000,3052.429713
664.2977,1000,3058.034017
423.07266,1000,3058.034057
629.0949,1000,3058.034073
226.46606,1000,3071.271791
235.43875,1000,3076.658985
263.96625,1000,3076.65903
892.7033,1000,3076.659047
352.95712,1000,3090.096256
267.40814,1000,3095.436685
496.3027,1000,3095.436725
569.58813,1000,3095.436741
152.27527,1000,3108.893993
453.56726,1000,3114.183107
311.36627,1000,3114.183146
681.3642,1000,3114.183162
190.53604,1000,3124.713913
455.9274,1000,3131.83112
378.38116,1000,3131.831159
714.9557,1000,3131.831175
540.181,1000,3142.330573
191.36197,1000,3149.60873
468.96146,1000,3149.60877
272.5443,1000,3149.608786
632.7363,1000,3159.746249
549.2075,1000,3166.806283
375.0951,1000,3166.806323
444.2142,1000,3166.80634
390.97153,1000,3177.418756
364.67914,1000,3185.072606
368.08145,1000,3185.072667
726.6684,1000,3185.072687
449.29056,1000,3195.794358
385.43344,1000,3203.295103
727.34265,1000,3203.295143
405.18558,1000,3203.29516
763.94824,1000,3214.181426
510.4833,1000,3221.586004
258.61594,1000,3221.586046
665.35614,1000,3221.586062
286.75464,1000,3231.711469
422.17923,1000,3238.674293
265.69156,1000,3238.674332
361.53345,1000,3238.674347
303.44537,1000,3249.727107
264.61575,1000,3257.610127
616.2753,1000,3257.610168
826.32025,1000,3257.610184
701.4454,1000,3267.962574
313.329,1000,3274.978266
399.9967,1000,3274.978305
371.4246,1000,3274.978321
647.2936,1000,3284.797984
510.12045,1000,3291.672899
144.77127,1000,3291.672937
294.65634,1000,3291.672953
396.85022,1000,3302.231304
711.55084,1000,3309.482276
350.97552,1000,3309.482328
447.09763,1000,3309.482345
230.15411,1000,3319.607242
316.6435,999,3326.668613
208.6376,1000,3326.704869
529.2107,1000,3326.704908
312.60327,1000,3336.621392
599.62256,1000,3343.663752
240.65512,1000,3343.696203
340.39566,1000,3343.696242
640.4865,1000,3353.720247
272.42767,962,3358.500588
540.4065,1000,3361.295108
836.26733,1000,3361.326846
336.8179,1000,3371.097047
362.53592,1000,3375.511192
365.98215,1000,3376.08499
537.9942,1000,3376.118068
319.66754,1000,3388.522631
188.80597,1000,3392.916329
303.27426,1000,3393.478451
274.1454,1000,3393.512599
256.8977,1000,3405.425751
613.2874,1000,3410.218251
300.7312,1000,3410.918504
218.01608,1000,3410.955368
316.1032,1000,3422.720824
398.31155,1000,3426.908605
51.40918,1000,3427.456883
271.0108,1000,3427.490495
174.99503,1000,3439.580449
230.21332,1000,3444.052427
243.03844,1000,3444.630359
490.479,1000,3444.666409
157.42091,1000,3459.011912
283.50787,1000,3459.011951
450.33148,1000,3459.011966
28.115152,1000,3459.011982
-43.143566,1000,3474.210492
202.3208,1000,3474.210532
43.370552,1000,3474.210548
207.13821,1000,3474.210561
223.22763,1000,3492.33254
361.78125,1000,3492.33258
195.23328,1000,3492.332595
232.18762,1000,3492.332608
342.8531,1000,3510.511186
455.55106,1000,3510.511244
257.3729,1000,3510.511261
385.33948,1000,3510.511273
427.99506,1000,3527.922232
310.0679,1000,3527.922279
598.194,1000,3527.922294
552.0205,1000,3527.922306
486.83624,674,3540.422045
511.30392,1000,3545.410068
563.0831,1000,3545.410113
497.21832,1000,3545.410129
405.9481,1000,3557.675506
401.66736,1000,3562.554334
388.2893,1000,3562.554373
436.39386,1000,3562.554388
195.23318,1000,3574.583298
324.5575,1000,3579.664945
170.89832,1000,3579.664984
369.74612,1000,3579.664999
276.30164,1000,3592.226526
423.29254,1000,3597.026465
299.9953,1000,3597.026503
183.33174,1000,3597.026519
227.86465,1000,3609.294486
560.498,1000,3614.381002
163.84341,1000,3614.381042
645.38715,1000,3614.381058
576.69055,1000,3626.855965
256.61316,1000,3632.123485
308.4458,1000,3632.123524
261.2698,1000,3632.12354
428.809,1000,3644.730089
50.9441,1000,3649.44982
807.80475,1000,3649.449858
200.31494,1000,3649.449874
180.5704,1000,3661.317174
385.07034,1000,3666.081592
281.57513,1000,3666.08163
193.92545,1000,3666.081646
237.92664,1000,3677.858904
435.84467,1000,3682.975029
300.68405,1000,3682.975067
260.59232,1000,3682.975083
272.60736,1000,3695.667712
99.26329,1000,3700.679072
474.46457,1000,3700.67911
433.085,1000,3700.679125
304.25116,1000,3714.267458
243.4296,1000,3719.253258
182.48163,1000,3719.253301
339.44214,1000,3719.253317
236.53455,1000,3731.580132
488.01172,1000,3736.780277
574.9098,1000,3736.780318
299.30283,1000,3736.780334
592.3167,1000,3750.360904
302.09384,1000,3755.878461
235.39914,1000,3755.8785
529.1174,1000,3755.878515
353.9669,1000,3768.283879
293.12567,1000,3773.198494
239.67828,1000,3773.198534
587.5043,1000,3773.198551
229.02783,1000,3785.92108
767.1698,893,3789.562844
249.08652,1000,3791.273814
464.7473,1000,3791.273853
528.7715,1000,3804.987398
467.46924,1000,3808.36841
370.96298,1000,3810.114134
680.06616,1000,3810.11418
744.0022,1000,3823.355498
363.8248,1000,3827.244208
223.52719,1000,3829.949686
423.8053,1000,3829.94973
238.18147,1000,3843.823301
285.41196,1000,3847.093442
228.07135,1000,3848.676639
749.1247,1000,3848.676679
242.85245,1000,3861.605134
562.9191,1000,3865.602787
269.48654,1000,3867.420928
323.8372,1000,3867.420993
552.1731,1000,3882.105961
271.20718,1000,3886.432838
210.12207,1000,3888.442259
327.50436,1000,3888.442298
312.20938,1000,3903.30949
350.30573,1000,3907.615363
381.3399,1000,3909.628268
644.03955,1000,3909.628318
362.36316,1000,3921.329515
284.026,1000,3927.42949
746.4114,1000,3929.311176
716.2611,1000,3929.311217
376.18597,1000,3946.151651
254.9365,1000,3946.151695
279.86575,1000,3946.151711
271.84177,1000,3946.151723
298.62268,1000,3963.053859
235.61188,1000,3963.053904
339.73465,1000,3963.053928
178.56671,1000,3963.053941
199.99585,1000,3984.179294
551.2372,1000,3984.179343
344.877,1000,3984.179359
141.37689,1000,3984.179372
433.57825,1000,4004.590483
249.99506,1000,4004.590554
343.07303,1000,4004.590574
388.36786,1000,4004.590587
291.16306,1000,4024.504119
279.92346,1000,4024.504162
565.4651,1000,4024.504178
414.9458,1000,4024.50419
649.99994,1000,4044.807309
371.25955,1000,4044.807364
418.38986,1000,4044.807382
846.6277,1000,4044.807395
428.04767,1000,4066.426009
196.63698,1000,4066.426063
542.35803,1000,4066.42608
351.1229,1000,4066.426093
315.99493,1000,4085.917851
259.9955,1000,4085.917892
276.61914,1000,4085.917909
455.55127,1000,4085.917922
322.7899,1000,4105.760425
254.16205,1000,4105.760482
193.72476,1000,4105.760499
268.4166,1000,4105.760511
344.4401,1000,4125.749214
451.08978,1000,4125.749264
573.6516,1000,4125.74928
742.47296,1000,4125.749293
748.0644,1000,4145.879633
758.0676,1000,4145.879695
579.19196,1000,4145.879712
489.99643,1000,4145.879725
352.29205,1000,4165.576908
378.2567,1000,4165.576956
266.79083,1000,4165.576973
395.1733,1000,4165.576986
491.35788,1000,4185.599828
357.44415,1000,4185.599877
423.8063,1000,4185.599893
276.66223,1000,4185.599905
497.26465,1000,4206.139746
817.3305,1000,4206.139806
264.57874,1000,4206.139823
507.51706,1000,4206.139837
480.64,1000,4225.984539
158.67055,1000,4225.98458
462.49847,1000,4225.984597
136.29909,1000,4225.984609
568.76953,1000,4243.978873
316.0797,1000,4243.978925
545.05035,1000,4243.978943
354.54047,1000,4243.978957
344.07474,1000,4263.750072
205.91626,1000,4263.750127
458.91797,1000,4263.750144
436.90897,1000,4263.750157
621.8534,1000,4283.641626
751.9925,1000,4283.641675
577.4221,1000,4283.641692
637.41504,1000,4283.641705
750.995,1000,4304.276064
527.30383,1000,4304.276106
422.48972,1000,4304.276123
305.10458,1000,4304.276136
332.83157,1000,4324.142558
374.28146,1000,4324.142611
254.09381,1000,4324.142627
828.58124,1000,4324.142639
908.90393,911,4342.390539
286.5499,1000,4343.994936
809.7215,1000,4343.99498
684.6189,1000,4343.994996
717.85754,1000,4363.209991
792.51495,1000,4364.749704
36.779488,1000,4364.749745
545.8989,1000,4364.74976
698.53394,1000,4382.951416
188.3165,1000,4384.759644
365.11188,1000,4384.759684
506.34634,1000,4384.759701
-47.705368,809,4401.427696
235.61172,1000,4403.297543
230.12398,1000,4405.019087
304.98087,1000,4405.019142
195.91357,1000,4421.92424
303.12018,1000,4423.703008
455.15518,1000,4425.226638
651.7555,1000,4425.226678
334.61072,1000,4441.260608
639.2852,1000,4443.036108
202.71674,1000,4444.767766
370.985,1000,4444.767806
140.79762,1000,4462.06012
267.69278,1000,4463.921652
382.65527,1000,4465.51533
272.25772,1000,4465.515382
79.73935,1000,4482.540311
339.8685,1000,4482.540361
365.37994,1000,4482.540377
210.21405,1000,4482.54039
135.08266,1000,4499.093412
7.595856,1000,4499.093463
38.409653,1000,4499.09348
299.99554,1000,4499.093493
355.2201,1000,4520.05902
288.27454,1000,4520.059081
279.30557,1000,4520.059102
174.09174,1000,4520.059115
148.05733,1000,4540.755772
330.60013,1000,4540.755825
285.76355,1000,4540.755841
408.46967,1000,4540.755853
419.22638,1000,4561.266896
324.65274,1000,4561.266937
307.937,1000,4561.266953
299.18842,1000,4561.266965
274.0985,1000,4581.37104
33.859634,1000,4581.371083
71.429504,1000,4581.371099
485.20822,1000,4581.371111
401.8143,1000,4601.641257
120.64184,1000,4601.641302
-13.173062,1000,4601.641319
258.6162,1000,4601.641338
94.07643,1000,4621.494022
176.35886,1000,4621.494076
312.1188,1000,4621.494094
243.96725,1000,4621.494107
198.55609,1000,4642.03469
61.07424,1000,4642.034732
173.05789,1000,4642.034748
18.013542,1000,4642.034761
179.45624,1000,4662.928923
285.4137,1000,4662.928976
218.32321,1000,4662.928993
479.28564,1000,4662.929005
10.390516,1000,4682.834698
290.6766,1000,4682.83477
282.8949,1000,4682.834786
-23.75328,1000,4682.834799
262.67096,1000,4703.431956
18.056671,1000,4703.431998
525.00226,1000,4703.432014
459.84198,1000,4703.432027
273.58,1000,4723.685734
294.83002,1000,4723.685908
351.25833,1000,4723.685962
111.037735,1000,4723.685993
419.34976,1000,4744.306995
338.30872,1000,4744.307046
103.449455,1000,4744.307062
416.33487,1000,4744.307075
44.33123,1000,4766.176044
129.16531,1000,4766.176103
372.30765,1000,4766.176121
290.76566,1000,4766.176134
453.68713,1000,4786.514504
214.10126,1000,4786.514548
236.53397,1000,4786.514565
199.62082,1000,4786.514577
45.270943,1000,4807.953756
99.23499,1000,4807.953802
-4.6045184,1000,4807.953819
112.01552,1000,4807.953831
32.204796,1000,4828.126636
173.49973,1000,4828.126684
70.14023,1000,4828.1267
296.60806,1000,4828.126713
-34.316284,513,4837.555775
331.03415,1000,4849.500289
236.66205,1000,4849.500334
403.78265,1000,4849.50035
91.42056,1000,4860.124344
454.17477,1000,4872.264644
255.7038,1000,4872.264696
157.42096,1000,4872.264713
307.0132,1000,4881.367842
441.66232,1000,4892.069082
59.23572,1000,4892.069135
210.45255,1000,4892.069152
373.49313,1000,4901.387004
254.47302,1000,4912.176767
267.94794,1000,4912.176815
30.138376,1000,4912.176832
325.67337,1000,4922.29264
170.17049,1000,4933.989529
-29.824278,1000,4933.98958
-5.9230337,1000,4933.989597
389.43143,1000,4942.877931
295.18427,1000,4953.743106
-13.042888,1000,4953.743153
432.04764,1000,4953.743171
231.26888,1000,4963.073338
-3.7793176,1000,4973.700996
239.99557,1000,4973.701043
255.26083,1000,4973.701059
129.16415,1000,4983.532447
157.9514,1000,4995.423755
301.54016,1000,4995.42381
75.257324,1000,4995.423828
280.3873,1000,5004.659621
411.94077,1000,5015.45193
181.87442,1000,5015.451989
205.46149,1000,5015.452006
146.37213,1000,5032.594984
76.46945,1000,5032.595038
29.451096,1000,5032.595056
543.1189,1000,5032.595096
10.295071,1000,5051.463391
125.3919,1000,5051.463445
260.13733,1000,5051.463462
-9.656857,1000,5051.463475
423.48584,1000,5074.776817
127.42255,1000,5074.77686
586.57666,1000,5074.776877
292.22247,1000,5074.776889
334.33984,1000,5095.303575
237.61609,1000,5095.303621
231.07648,1000,5095.303638
307.01334,1000,5095.30365
399.99597,1000,5115.476979
480.52243,1000,5115.477042
204.07053,1000,5115.47706
197.29251,1000,5115.477072
247.68826,1000,5137.420009
442.85428,1000,5137.42005
427.27045,1000,5137.420067
214.93082,1000,5137.420079
413.00912,1000,5157.426801
10.000916,1000,5157.426845
159.2548,1000,5157.426861
369.69214,1000,5157.426873
323.90866,1000,5175.207797
244.82281,1000,5175.20785
616.4227,1000,5175.207866
201.69,1000,5175.20788
234.59958,1000,5197.060852
237.83469,1000,5197.060894
170.76463,1000,5197.06091
220.81471,1000,5197.060923
570.1733,1000,5217.176279
314.8895,1000,5217.176373
819.4215,1000,5217.176395
266.77762,1000,5217.176409
396.29135,1000,5237.695759
515.6574,1000,5237.695818
168.366,1000,5237.695836
205.44977,1000,5237.695848
741.3377,1000,5259.483933
241.68784,1000,5259.483986
44.87764,1000,5259.484003
692.1688,1000,5259.484016
13.843414,386,5268.967148
188.53462,1000,5279.582077
80.21184,1000,5279.582124
254.60562,1000,5279.58214
273.12994,1000,5288.702462
280.05777,1000,5299.476852
175.22467,1000,5299.476925
418.89584,1000,5299.476954
28.028954,1000,5308.691143
394.57983,1000,5320.917761
435.05026,1000,5320.917821
444.4791,1000,5320.917837
196.02371,1000,5331.91983
318.9146,1000,5342.672265
282.1385,1000,5342.672314
280.94806,1000,5342.67233
375.1504,1000,5351.863091
340.67422,1000,5362.653871
537.927,1000,5362.653913
572.54425,1000,5362.653928
433.9772,1000,5371.597772
1.8876216,1000,5383.77792
340.42838,1000,5383.777969
417.98145,1000,5383.777986
319.6714,1000,5393.917328
573.98126,1000,5404.898049
290.2396,1000,5404.898099
175.53679,1000,5404.898115
346.87,1000,5414.344719
437.62918,1000,5424.77413
154.54048,1000,5424.774177
175.85703,1000,5424.774194
31.34469,1000,5433.715328
436.58005,1000,5445.600362
209.20566,1000,5445.600415
239.92926,1000,5445.600432
271.31927,1000,5455.630866
572.6706,1000,5466.229078
-34.640285,1000,5466.229125
306.93582,1000,5466.229142
353.52676,1000,5475.252059
235.9408,991,5485.750785
419.08093,1000,5485.93301
271.23242,1000,5485.933049
212.68855,1000,5495.160866
297.9884,1000,5507.003562
48.789833,1000,5507.204646
305.0612,1000,5507.204694
442.74585,1000,5517.348827
525.0131,1000,5527.963132
424.1587,1000,5528.152615
29.965239,1000,5528.152665
412.818,1000,5534.936828
463.376,1000,5547.77246
251.3469,1000,5547.956065
488.23077,1000,5547.956108
337.26068,1000,5554.8166
572.3542,1000,5568.257491
517.6451,1000,5568.463546
283.5076,1000,5568.46359
471.42514,1000,5587.061048
136.2965,1000,5587.061091
188.51996,1000,5587.061108
141.48094,1000,5587.061121
7.0961914,500,5595.937009
-5.4870677,1000,5604.823096
350.90482,1000,5604.82314
149.9949,1000,5604.823156
564.09265,1000,5617.632831
483.0676,1000,5626.447144
555.33936,1000,5626.447196
272.3364,1000,5626.447212
348.48105,1000,5637.725551
308.35596,1000,5646.425885
262.0022,1000,5646.425938
180.70189,1000,5646.425956
350.84265,1000,5655.466967
325.5279,1000,5667.314387
267.03677,1000,5667.318626
295.82874,1000,5667.31868
580.1357,1000,5677.709862
271.8276,1000,5688.857971
68.96497,1000,5688.858015
313.27936,1000,5688.858031
88.886765,1000,5697.456794
125.45465,1000,5708.434203
223.42755,1000,5708.434247
492.5878,1000,5708.434264
178.907,1000,5716.96625
241.37463,1000,5727.957628
340.61215,1000,5727.957685
294.82904,1000,5727.957703
197.57367,1000,5738.067815
57.14332,1000,5749.388827
81.49596,1000,5749.388868
252.34445,1000,5749.388884
-40.64126,397,5756.324315
810.04224,1000,5758.149927
19.851315,1000,5769.530379
387.71548,1000,5769.530425
573.0065,1000,5776.39041
41.845306,1000,5778.207314
372.12875,1000,5789.425501
515.38916,1000,5789.425544
259.8684,1000,5797.657745
338.93903,1000,5800.109532
531.5792,1000,5811.168921
736.6037,1000,5811.168962
157.8566,1000,5817.40188
307.26834,1000,5819.054948
-50.330887,1000,5829.654476
542.345,1000,5829.65452
597.32837,1000,5835.7742
204.50638,1000,5837.405244
377.1216,1000,5847.61778
7.9373918,1000,5847.61782
530.60254,1000,5854.811183
210.34045,1000,5856.871942
291.15527,1000,5867.842718
228.71518,1000,5867.842758
244.82285,1000,5874.012464
15.626076,1000,5875.637032
447.2933,1000,5886.018844
66.66629,1000,5886.018894
759.7196,1000,5892.569244
69.23021,1000,5894.201219
310.52527,1000,5904.72112
331.36792,1000,5904.72116
405.65588,1000,5910.99982
184.27591,1000,5912.719075
640.1301,1000,5923.376241
211.68378,1000,5923.376287
403.54227,1000,5929.674699
213.98846,1000,5931.317367
823.36304,1000,5941.449997
294.6459,1000,5941.450042
593.73737,1000,5948.434553
-20.63444,1000,5950.359311
846.43005,1000,5961.0226
276.75543,1000,5961.022643
804.94464,1000,5967.245252
579.9973,1000,5968.863697
12.853683,1000,5979.881275
23.18958,1000,5979.881322
240.5751,1000,5986.164067
-9.090228,1000,5987.833176
499.99512,1000,5998.031544
335.08344,1000,5998.031599
327.44595,1000,6004.306639
279.9958,1000,6006.228815
207.1383,1000,6016.757443
857.3039,1000,6016.757487
607.64105,1000,6023.105478
178.92677,1000,6024.708825
265.51263,1000,6034.80695
241.8135,1000,6034.806999
274.99567,1000,6041.778696
272.08844,1000,6043.641449
432.19852,1000,6055.305769
145.02817,1000,6055.305808
335.63864,1000,6061.688196
195.87564,1000,6063.463492
305.65527,1000,6072.602669
363.0188,1000,6072.60271
308.9669,1000,6081.226742
426.1273,1000,6082.850732
-19.860178,1000,6090.893566
677.782,1000,6090.893606
227.69812,1000,6107.116297
174.50478,1000,6107.116343
-0.2762443,1000,6107.11636
219.72311,1000,6107.116373
15.472305,538,6115.225379
379.7,1000,6122.07813
205.25824,1000,6122.07817
192.41357,1000,6122.078187
11.843113,1000,6133.720803
282.05548,1000,6141.097032
497.9448,1000,6141.097074
364.878,1000,6141.097091
232.21014,1000,6152.069352
165.43066,1000,6160.348886
77.851456,1000,6160.348927
213.78836,1000,6160.348943
521.6281,1000,6171.029395
187.97,1000,6178.198721
239.34497,1000,6178.19877
22.38922,1000,6178.198786
250.38873,1000,6188.753483
401.8148,1000,6197.075738
-34.93126,1000,6197.075783
35.136528,1000,6197.075799
260.46057,1000,6208.372539
301.48236,1000,6215.880131
264.86038,1000,6215.880183
196.52548,1000,6215.8802
256.43106,1000,6226.950962
-31.007912,395,6233.122877
419.07965,1000,6234.165319
296.71948,1000,6234.165356
50.60367,1000,6234.165387
341.27988,1000,6251.315868
566.67566,1000,6252.394836
225.25504,1000,6252.39488
548.74066,1000,6252.394896
169.83972,1000,6269.414857
460.25565,1000,6270.490391
245.31891,1000,6270.490438
882.4029,1000,6270.490493
533.9057,1000,6288.178506
596.43616,1000,6289.40144
372.21768,1000,6289.401481
298.59695,1000,6289.401498
49.306526,1000,6307.965999
15.756662,1000,6309.096991
282.2478,1000,6309.097034
262.06418,1000,6309.097049
247.2175,1000,6325.91642
572.4764,1000,6326.955963
349.27103,1000,6326.956006
269.8582,1000,6326.956022
300.61612,1000,6345.142761
280.94803,1000,6346.347779
147.22757,1000,6346.347817
289.43417,1000,6346.347833
189.11084,1000,6364.362761
60.378624,1000,6365.649039
401.57266,1000,6365.6491
241.81348,1000,6365.649122
299.2347,1000,6383.018436
270.23746,1000,6384.083117
75.37208,1000,6384.083157
340.39322,1000,6384.083172
200.60873,1000,6401.711681
187.66653,1000,6402.77812
178.38335,1000,6402.778167
421.1676,1000,6402.778186
296.0348,1000,6419.704307
279.19028,1000,6420.769948
620.7828,1000,6420.769991
377.1892,1000,6420.770007
215.24985,1000,6437.76671
345.25027,1000,6438.881804
277.77267,1000,6438.881847
185.70949,1000,6438.881862
411.397,1000,6456.880193
357.23267,1000,6458.139969
311.56006,1000,6458.140018
209.67264,1000,6458.140034
277.4145,1000,6475.291991
222.91187,1000,6476.387125
854.20776,1000,6476.387165
623.7845,1000,6476.387181
101.31774,1000,6494.225247
260.22574,1000,6495.455804
287.6769,1000,6495.455845
286.6623,1000,6495.455861
361.98416,1000,6513.554065
197.5451,1000,6514.648745
265.18317,1000,6514.648789
273.66074,1000,6514.648805
308.02188,1000,6532.182885
312.15778,1000,6533.291762
369.74615,1000,6533.291801
239.92953,1000,6533.291817
37.134705,302,6537.982972
901.10516,989,6550.896903
176.44583,1000,6552.12448
298.72952,1000,6552.124527
200.99829,1000,6556.875501
662.2466,1000,6568.770047
301.5103,1000,6570.009154
688.9652,1000,6570.009195
70.83441,1000,6574.809378
224.13318,1000,6586.541288
244.82257,1000,6587.809083
424.15872,1000,6587.809123
199.29083,1000,6604.009134
148.33942,1000,6604.009176
569.7845,1000,6604.009192
-27.335308,1000,6604.009205
-38.848656,1000,6620.520744
127.687515,1000,6620.520792
35.923683,1000,6620.520809
265.76727,1000,6620.520821
35.889885,1000,6640.325962
90.47511,1000,6640.326005
250.54865,1000,6640.326022
41.415543,1000,6640.326035
332.3488,1000,6659.792126
372.024,1000,6659.792169
25.413815,1000,6659.792186
-49.152287,1000,6659.792198
330.91696,1000,6678.488045
212.09892,1000,6678.488087
467.37222,1000,6678.488104
98.080795,1000,6678.488117
603.7049,1000,6697.11152
69.381935,1000,6697.111562
392.9042,1000,6697.111579
22.450165,1000,6697.111592
361.27448,1000,6715.064946
206.44687,1000,6715.064996
153.81781,1000,6715.065013
210.3399,1000,6715.065051
-4.0032043,336,6720.386357
279.62503,1000,6734.342669
378.4129,1000,6734.342722
297.63303,1000,6734.34274
168.5137,1000,6740.781104
225.17023,1000,6753.623286
43.837044,1000,6753.623332
229.78275,1000,6753.623348
238.81134,1000,6758.72077
276.30185,1000,6771.469865
237.9263,1000,6771.46991
686.44086,1000,6771.469926
183.2118,1000,6776.598082
64.65887,1000,6789.21539
196.40262,1000,6789.215439
228.61685,1000,6789.215455
710.52686,1000,6794.369167
330.41684,1000,6807.014369
58.088608,1000,6807.014409
143.58496,1000,6807.014425
250.33542,1000,6812.201051
674.19495,1000,6825.007539
473.0359,1000,6825.007588
427.3277,1000,6825.007605
222.45917,1000,6831.765652
16.839546,1000,6844.908476
50.001396,1000,6844.908523
288.27414,1000,6844.90854
878.8839,1000,6850.871375
130.53403,1000,6863.916809
190.73022,1000,6863.916849
428.2974,1000,6863.916865
58.940666,1000,6869.144146
37.18551,1000,6882.297552
321.63733,1000,6882.297596
896.40155,1000,6882.297612
233.32922,1000,6887.929984
145.60915,1000,6902.2727
360.26117,1000,6902.272746
196.41226,1000,6902.272763
240.90527,1000,6908.204275
48.937263,1000,6920.700463
143.58499,1000,6920.700504
794.7393,1000,6920.70052
166.26758,1000,6925.982498
322.53397,1000,6937.536063
229.85638,1000,6937.536108
549.3112,1000,6937.536125
246.99876,1000,6945.399002
471.42505,1000,6956.505408
327.58145,1000,6956.50545
270.48984,1000,6956.505467
213.91129,1000,6964.078204
260.4189,1000,6975.155183
219.99539,1000,6975.155251
184.0535,1000,6975.155283
156.57632,1000,6982.839695
326.7864,1000,6994.713437
345.159,1000,6994.713488
349.3204,1000,6994.713506
171.07968,1000,7002.861209
171.33656,1000,7013.05645
226.15967,1000,7013.056491
46.628784,1000,7013.056507
272.6888,1000,7020.541037
21.213318,1000,7031.491805
133.33348,1000,7031.491843
336.5627,1000,7031.49186
26.395292,1000,7039.254039
198.69702,1000,7049.417907
253.3518,1000,7049.417958
52.318657,1000,7049.417976
99.997215,1000,7057.301563
43.886284,1000,7067.745609
170.67157,1000,7067.745656
51.516,1000,7067.745671
11.112043,1000,7075.354918
58.416138,1000,7087.142123
377.811,1000,7087.142177
236.33171,1000,7087.142195
29.49776,1000,7102.339834
362.72797,1000,7102.339875
54.412247,1000,7102.33989
40.795616,1000,7102.339902
558.8333,1000,7118.151982
18.468033,1000,7118.152028
357.7881,1000,7118.152045
225.65295,1000,7118.152057
167.51158,1000,7137.527012
92.59229,1000,7137.527053
6.797009,1000,7137.527069
194.32178,1000,7137.527081
493.5431,1000,7156.688781
546.67377,1000,7156.688822
242.7623,1000,7156.688838
50.53843,1000,7156.688851
321.76456,1000,7174.387767
233.32867,1000,7174.38781
268.2403,1000,7174.387825
414.07925,1000,7174.387837
2.2836456,514,7185.547076
35.459526,1000,7193.061157
20.402504,1000,7193.061197
247.48807,1000,7193.061213
247.68793,1000,7203.365647
13.822201,1000,7211.688897
195.02614,1000,7211.688939
111.89241,1000,7211.688956
230.87784,1000,7221.928379
-60.61994,770,7226.006675
300.65903,1000,7229.859262
364.40186,1000,7229.859303
293.438,1000,7241.408887
393.32938,1000,7245.348363
41.792366,1000,7248.910347
271.42404,1000,7248.910386
613.77936,1000,7259.238339
5.2640514,1000,7263.241756
363.4097,1000,7267.149783
420.26678,1000,7267.149832
38.791367,1000,7278.621201
73.07628,1000,7282.583558
581.97565,1000,7286.237109
76.118675,1000,7286.237151
205.65634,1000,7296.897706
539.1079,1000,7301.098223
305.4011,1000,7304.731951
242.95538,1000,7304.732002
408.35648,1000,7314.940874
159.15036,1000,7318.886202
329.5486,1000,7322.702676
325.08203,1000,7322.702719
210.34456,1000,7334.004345
622.5648,1000,7338.099283
476.26917,1000,7341.671184
236.69537,1000,7341.671233
77.60487,1000,7351.854142
632.315,1000,7356.293891
418.26816,1000,7360.357912
192.51224,1000,7360.357956
409.31192,1000,7368.610127
401.82785,1000,7375.319988
886.54333,1000,7379.163596
71.64133,1000,7379.163643
855.4835,1000,7388.35485
11.111842,1000,7394.898026
370.3936,1000,7398.585562
20.301847,1000,7398.585602
10.282028,423,7405.204024
450.67175,1000,7406.661256
16.505907,1000,7412.977977
626.2746,1000,7417.175186
834.857,1000,7424.551131
240.42105,1000,7426.016938
10.750113,1000,7432.308816
234.40063,1000,7435.885231
25.462467,1000,7442.38203
566.677,1000,7443.820849
727.1273,1000,7450.548953
214.68057,1000,7454.107935
332.62003,1000,7460.685479
285.71,1000,7462.186507
696.0563,1000,7468.781313
517.64233,1000,7472.451744
343.03317,1000,7479.143406
381.05548,1000,7480.563538
198.73718,1000,7486.836615
218.01614,1000,7490.433436
266.14966,1000,7497.064689
93.03577,1000,7498.542335
646.18616,1000,7504.993669
522.78253,1000,7509.145065
263.93,1000,7516.183382
316.12415,1000,7517.80593
-29.29265,1000,7524.540877
96.360985,1000,7528.128067
251.91656,1000,7534.711545
93.17947,1000,7536.230777
228.0712,1000,7542.935608
436.39365,1000,7546.505984
401.76187,1000,7553.324934
182.95337,1000,7554.79821
527.90283,1000,7561.244846
339.71225,1000,7565.122226
379.5492,1000,7572.125357
559.02704,1000,7573.520585
277.9215,1000,7577.493018
66.10146,1000,7583.264731
374.02206,1000,7598.965628
206.6619,1000,7598.965729
238.0231,1000,7598.965755
183.28166,1000,7598.965773
376.63046,1000,7614.669261
483.633,1000,7614.669318
295.4212,1000,7614.669334
247.12936,1000,7614.669346
195.67633,1000,7635.133521
445.09305,1000,7635.13358
291.04007,1000,7635.133596
180.52345,1000,7635.133608
35.5325,1000,7652.67316
868.75684,1000,7652.673201
525.91266,1000,7652.673217
795.11316,1000,7652.673229
278.5443,1000,7672.125575
182.46292,1000,7672.125622
196.29471,1000,7672.125638
817.53033,1000,7672.125651
60.77186,1000,7690.354501
291.29947,1000,7690.354546
235.47952,1000,7690.354562
65.01637,1000,7690.354575
178.84154,1000,7708.104012
253.32892,1000,7708.104052
199.68942,1000,7708.104069
298.6443,1000,7708.104081
293.0988,1000,7725.766206
708.284,1000,7725.766248
423.6546,1000,7725.766264
216.66202,1000,7725.766282
272.47873,1000,7743.415117
220.63013,1000,7743.415167
149.02242,1000,7743.415184
483.01733,1000,7743.415197
288.10748,1000,7762.389033
641.1829,1000,7762.389079
733.3389,1000,7762.389095
242.00266,1000,7762.389107
532.7937,1000,7778.783146
347.3644,1000,7778.783193
349.32016,1000,7778.783211
298.51938,1000,7778.783223
306.34518,1000,7796.98893
378.25702,1000,7796.988973
437.5891,1000,7796.98899
379.398,1000,7796.989002
132.78532,1000,7815.572295
45.11167,1000,7815.572346
276.91873,1000,7815.572363
667.55493,1000,7815.572376
293.8316,1000,7834.905738
241.17245,1000,7834.90579
333.65552,1000,7834.905807
346.09326,1000,7834.90582
251.44485,1000,7855.142621
36.202103,1000,7855.142661
6.7962523,1000,7855.142678
283.7598,1000,7855.14269
878.0295,1000,7874.905685
766.2241,1000,7874.905729
226.31107,1000,7874.905745
258.5481,1000,7874.905757
831.7437,1000,7892.76341
853.49225,1000,7892.763454
331.09036,1000,7892.763471
71.140495,1000,7892.763484
254.3823,1000,7911.584422
109.29912,1000,7911.58448
327.74142,1000,7911.584505
77.3576,1000,7911.584518
658.9655,1000,7931.13626
499.9956,1000,7931.136304
241.37454,1000,7931.136322
280.43042,1000,7931.136335
280.13232,1000,7949.769135
240.81964,1000,7949.769184
54.640396,1000,7949.769201
559.1866,1000,7949.769213
391.57785,1000,7968.883011
294.55328,1000,7968.883052
180.25569,1000,7968.883068
252.34448,1000,7968.88308
261.0057,1000,7987.157866
34.54669,1000,7987.157915
376.01074,1000,7987.157931
138.09021,1000,7987.157944
115.014114,1000,8005.839965
7.914557,1000,8005.840014
256.43463,1000,8005.840031
493.74576,1000,8005.840044
154.71196,1000,8024.796098
375.8808,1000,8024.796144
266.87885,1000,8024.796161
181.64095,1000,8024.796173
374.10022,1000,8043.330531
453.02542,1000,8043.330572
35.5946,1000,8043.330588
409.19983,1000,8043.330601
359.5582,1000,8062.825828
216.9885,1000,8062.825869
492.59906,1000,8062.825886
247.98485,1000,8062.825898
121.893845,1000,8081.644625
549.82336,1000,8081.644666
473.03137,1000,8081.644682
211.0326,1000,8081.644695
267.81113,1000,8097.964568
-69.17767,1000,8097.964613
333.23044,1000,8097.964629
266.0967,1000,8097.964642
353.0707,1000,8114.362354
155.51588,1000,8114.362409
279.9231,1000,8114.362427
322.94644,1000,8114.36244
530.22784,1000,8133.319594
191.2235,1000,8133.319642
866.2995,1000,8133.319659
380.6978,1000,8133.319671
450.72073,1000,8153.175145
399.99545,1000,8153.175187
505.73544,1000,8153.175203
366.42642,1000,8153.175215
356.59915,1000,8172.066101
422.4328,1000,8172.066141
362.0205,1000,8172.066158
553.5829,1000,8172.06617
559.18823,1000,8190.260278
413.69394,1000,8190.260319
268.41672,1000,8190.260335
145.21846,1000,8190.260348
434.00937,1000,8209.359353
327.5605,1000,8209.359401
545.623,1000,8209.359419
276.70773,1000,8209.359431
368.30548,1000,8228.05563
547.43945,1000,8228.055692
532.7387,1000,8228.05571
601.06757,1000,8228.055723
598.962,1000,8247.214707
252.93692,1000,8247.214758
25.39245,1000,8247.214775
168.37791,1000,8247.214787
-47.916405,1000,8266.74593
130.76425,1000,8266.745971
313.8959,1000,8266.745987
299.30148,1000,8266.746
173.96805,1000,8285.012004
211.18552,1000,8285.012088
567.8914,1000,8285.01211
39.099083,1000,8285.012124
121.01051,1000,8305.998468
852.73395,1000,8305.998557
283.11337,1000,8305.998576
97.62634,1000,8305.998589
441.2498,1000,8324.4302
259.99597,1000,8324.430243
222.87918,1000,8324.430259
258.69193,1000,8324.430272
226.01408,1000,8342.423396
401.63574,1000,8342.423454
682.14575,1000,8342.42347
226.45634,1000,8342.423482
390.63278,1000,8360.799818
359.27863,1000,8360.799863
270.74377,1000,8360.79988
342.50467,1000,8360.799893
600.3659,1000,8378.382299
342.00165,1000,8378.382339
378.56833,1000,8378.382354
-44.4442,1000,8378.382367
75.49628,1000,8396.64874
545.61115,1000,8396.648799
227.5817,1000,8396.648815
43.33455,1000,8396.648827
812.0942,1000,8415.744943
256.11093,1000,8415.744982
247.30118,1000,8415.744999
565.5263,1000,8415.745011
244.32152,1000,8434.624186
201.58275,1000,8434.624238
81.48018,1000,8434.624255
238.55295,1000,8434.624268
252.72284,1000,8454.304548
264.25708,1000,8454.30459
185.20941,1000,8454.304606
227.97055,1000,8454.304619
55.340576,1000,8475.571147
268.99884,1000,8475.571202
326.87283,1000,8475.571218
68.02243,1000,8475.571231
622.2261,1000,8493.706139
372.2181,1000,8493.706187
379.49112,1000,8493.706205
83.09706,1000,8493.706217
299.23486,1000,8512.426238
585.4076,1000,8512.426282
192.41399,1000,8512.426299
424.1586,1000,8512.426311
82.50791,1000,8530.523504
423.50607,1000,8530.523556
204.49368,1000,8530.523572
468.44843,1000,8530.523585
272.47955,1000,8548.62061
357.44284,1000,8548.620651
369.22626,1000,8548.620667
296.09973,1000,8548.62068
182.27737,1000,8568.618949
418.37854,1000,8568.618991
232.15067,1000,8568.619007
561.3477,1000,8568.619019
366.25397,1000,8587.68111
308.35614,1000,8587.681152
242.9443,1000,8587.681168
375.83148,1000,8587.68118
202.91486,1000,8602.643584
116.21211,1000,8602.643628
68.711205,1000,8602.643644
86.5653,1000,8602.643656
49.838196,1000,8620.383899
257.61157,1000,8620.383949
248.1434,1000,8620.383965
268.23877,1000,8620.383978
455.96683,1000,8639.840044
714.8226,1000,8639.840086
584.21246,1000,8639.840102
156.3127,1000,8639.840115
500.69034,1000,8657.130131
637.2531,1000,8657.130172
315.76547,1000,8657.130188
282.3481,1000,8657.1302
821.7708,1000,8675.527889
784.7656,1000,8675.527932
155.2411,1000,8675.527948
-77.198074,1000,8675.527961
915.30853,847,8691.102826
357.0262,1000,8693.555235
396.42474,1000,8693.555273
562.3815,1000,8693.55529
53.846786,1000,8710.047126
29.578741,1000,8712.453377
105.22141,1000,8712.453416
263.95255,1000,8712.453432
311.38773,1000,8728.070427
302.0936,1000,8730.63795
239.15625,1000,8730.63799
772.6602,1000,8730.638006
294.26,1000,8748.323096
379.16263,1000,8751.22879
127.7212,1000,8751.228828
-83.92212,1000,8751.228844
345.98804,1000,8767.929871
295.4948,1000,8770.70437
197.19794,1000,8770.704415
180.81729,1000,8770.704431
199.62097,1000,8786.437353
227.03903,1000,8789.236964
356.5878,1000,8789.237012
322.9339,1000,8789.237029
583.01605,1000,8805.542487
610.0401,1000,8807.983719
258.15173,1000,8807.98376
221.52936,1000,8807.983776
219.35022,1000,8823.155897
22.258251,1000,8825.637551
290.72433,1000,8825.637592
707.9811,1000,8825.637608
62.603012,1000,8842.155233
281.5345,1000,8845.056542
324.0233,1000,8845.056584
359.9255,1000,8845.056599
383.8659,1000,8861.986471
271.12958,1000,8864.533054
255.9277,1000,8864.533092
158.98773,1000,8864.533108
503.90445,1000,8880.316671
95.80188,1000,8882.754742
308.80014,1000,8882.7548
287.53867,1000,8882.754833
60.96025,1000,8900.195892
239.80142,1000,8902.636298
315.0278,1000,8902.636339
551.0093,1000,8902.636355
240.49661,1000,8918.702223
263.63196,1000,8921.139817
886.4505,1000,8921.139864
322.04828,1000,8921.13988
365.03125,1000,8937.686613
263.94095,1000,8940.504486
270.74365,1000,8940.504529
421.73444,1000,8940.504545
364.02472,1000,8957.323279
235.52155,1000,8959.724213
287.75055,1000,8959.724254
525.85583,1000,8959.724271
348.90024,1000,8975.356328
411.7008,1000,8977.877513
72.53654,1000,8977.877571
196.41226,1000,8977.877587
389.9287,1000,8994.053008
32.687424,1000,8996.676666
36.09604,1000,8996.676713
417.85342,1000,8996.676742
366.43884,1000,9013.547477
599.3121,1000,9016.090908
195.0263,1000,9016.090946
183.1493,1000,9016.090962
384.0727,1000,9032.250103
95.266396,1000,9034.937297
425.17578,1000,9034.937335
147.4188,1000,9034.937352
371.25946,1000,9051.89124
451.01617,1000,9054.367308
351.95242,1000,9054.367347
385.3371,1000,9054.367363
28.206379,1000,9070.149419
352.202,1000,9072.67858
63.636154,1000,9072.67862
356.5177,1000,9072.678636
311.21002,1000,9089.523125
-50.70398,1000,9092.087486
117.76154,1000,9092.087527
245.19104,1000,9092.087543
374.44742,1000,9107.402239
204.04944,1000,9107.402287
282.71127,1000,9107.402303
280.36383,1000,9107.402316
529.3794,1000,9122.897526
257.65924,1000,9122.897577
208.72116,1000,9122.897597
223.8388,1000,9122.89761
143.98741,1000,9142.969657
113.61838,1000,9142.969699
255.92728,1000,9142.969715
401.97168,1000,9142.969728
64.70556,1000,9161.476369
633.82446,1000,9161.476411
352.00818,1000,9161.476427
406.84467,1000,9161.476439
180.25018,1000,9179.519794
344.87695,1000,9179.519835
297.9883,1000,9179.519852
468.62598,1000,9179.519864
479.2904,1000,9199.666835
405.22128,1000,9199.666878
595.65594,1000,9199.666894
224.58563,1000,9199.666907
321.86984,1000,9218.300735
231.09866,1000,9218.300777
602.20233,1000,9218.300793
264.54352,1000,9218.300806
498.65732,1000,9236.981618
415.56613,1000,9236.981667
464.45596,1000,9236.981684
603.3441,1000,9236.98171
357.33295,1000,9255.74669
382.24448,1000,9255.746731
223.73602,1000,9255.746748
208.19214,1000,9255.746761
283.8334,1000,9273.445199
150.93149,1000,9273.445244
217.33832,1000,9273.44526
319.79047,1000,9273.445272
75.99883,1000,9293.032916
693.4852,1000,9293.03296
231.1214,1000,9293.032977
183.90714,1000,9293.03299
209.27365,1000,9311.479165
498.00403,1000,9311.479215
110.72411,1000,9311.479232
522.72125,1000,9311.479245
528.9647,1000,9329.653933
391.90588,1000,9329.653972
184.30934,1000,9329.653988
36.364807,1000,9329.654001
70.21394,1000,9348.271592
22.113382,1000,9348.271634
219.99539,1000,9348.27165
249.47629,1000,9348.271662
539.10815,1000,9366.225965
333.11688,1000,9366.226008
327.00223,1000,9366.226025
339.02255,1000,9366.226038
457.6892,1000,9385.8721
667.43866,1000,9385.872149
540.81604,1000,9385.872165
286.97037,1000,9385.872178
197.29285,1000,9404.454094
242.20271,1000,9404.454148
548.47235,1000,9404.454165
393.58582,1000,9404.454177
882.2796,1000,9422.882307
320.84503,1000,9422.88235
202.92781,1000,9422.882367
646.22156,1000,9422.88238
282.7544,1000,9441.593945
553.96893,1000,9441.59399
574.4146,1000,9441.594006
359.01178,1000,9441.594018
217.23663,1000,9460.099381
301.35602,1000,9460.099423
336.16608,1000,9460.099439
124.63458,1000,9460.099451
143.34235,1000,9479.734653
89.829346,1000,9479.734695
191.40631,1000,9479.734711
250.33542,1000,9479.734723
295.6001,1000,9495.967151
54.151085,1000,9495.967192
199.6695,1000,9495.967208
106.41878,1000,9495.967221
244.9429,1000,9514.111065
156.47942,1000,9514.111107
292.35654,1000,9514.111123
263.95248,1000,9514.111136
295.41995,1000,9532.916224
195.91458,1000,9532.916264
200.64941,1000,9532.916279
235.45865,1000,9532.916292
79.57632,1000,9551.720186
171.89963,1000,9551.720227
32.71734,1000,9551.720243
234.51505,1000,9551.720256
416.61142,1000,9570.962953
394.46002,1000,9570.962996
206.26831,1000,9570.963013
251.05945,1000,9570.963026
214.97989,1000,9590.066178
401.73703,1000,9590.06622
826.57904,1000,9590.066236
288.688,1000,9590.066248
438.97824,1000,9605.094815
225.08347,1000,9605.094864
215.28214,1000,9605.094881
65.492615,1000,9605.094894
236.76498,1000,9621.574364
204.6109,1000,9621.574407
23.92053,1000,9621.574424
296.1617,1000,9621.574436
15.132315,1000,9640.646178
368.52835,1000,9640.646221
511.10678,1000,9640.646236
8.626911,1000,9640.646248
193.70139,1000,9658.334156
263.9526,1000,9658.334195
371.22046,1000,9658.334212
258.88007,1000,9658.334224
697.2603,1000,9677.21567
17.461376,1000,9677.215713
673.96893,1000,9677.215729
618.05615,1000,9677.215743
464.70438,1000,9695.463006
361.2745,1000,9695.463053
544.3737,1000,9695.46307
527.83887,1000,9695.463082
247.36386,1000,9714.568902
166.22908,1000,9714.568947
212.6885,1000,9714.568964
226.79239,1000,9714.568977
34.484077,1000,9733.620044
265.24387,1000,9733.620144
161.67746,1000,9733.620197
258.96997,1000,9733.620228
335.06085,1000,9751.811629
224.8363,1000,9751.811675
218.6103,1000,9751.811692
346.42456,1000,9751.811712
331.15512,1000,9770.042683
103.33135,1000,9770.042722
497.8232,1000,9770.042738
235.56586,1000,9770.042751
145.54678,1000,9788.505774
303.5672,1000,9788.505828
199.06047,1000,9788.505846
85.666016,1000,9788.505858
288.48456,1000,9807.483897
24.514887,1000,9807.483944
219.61551,1000,9807.483964
185.28925,1000,9807.483977
252.05539,1000,9826.84686
256.20413,1000,9826.846902
40.22265,1000,9826.846919
672.5749,1000,9826.846931
433.57904,1000,9844.851878
287.3474,1000,9844.851929
232.19846,1000,9844.851946
343.57602,1000,9844.851959
807.3426,1000,9863.338524
52.483,1000,9863.338564
417.6423,1000,9863.338579
256.88544,1000,9863.338591
243.85495,1000,9882.765138
242.7511,1000,9882.765179
273.66068,1000,9882.765195
477.15875,1000,9882.765207
210.02573,1000,9901.199311
378.09705,1000,9901.199354
209.27371,1000,9901.19937
312.44638,1000,9901.199383
205.72797,1000,9920.286997
260.26437,1000,9920.28704
262.98462,1000,9920.287056
213.5841,1000,9920.287069
336.77676,1000,9938.919441
445.4509,1000,9938.919486
234.45486,1000,9938.919503
33.081177,1000,9938.919515
297.3014,1000,9957.632872
583.8568,1000,9957.632916
302.0935,1000,9957.632932
237.34485,1000,9957.632944
361.2504,1000,9975.876784
56.25052,1000,9975.876823
610.5364,1000,9975.87684
342.50388,1000,9975.876852
365.38004,1000,9993.781465
175.40527,1000,9993.781511
251.60803,1000,9993.781527
76.469574,1000,9993.781539
457.5507,1000,10012.980174
268.0509,1000,10012.980219
403.5422,1000,10012.980235
282.4517,1000,10012.980248
55.23604,1000,10030.63112
129.09715,1000,10030.631166
238.02313,1000,10030.631183
193.32874,1000,10030.631196
602.60645,1000,10048.578012
405.4507,1000,10048.578055
401.7137,1000,10048.578071
675.80444,1000,10048.578085
75.8232,1000,10066.797712
671.098,1000,10066.797753
12.957804,1000,10066.79777
427.4725,1000,10066.797782
239.41138,1000,10084.463966
318.1137,1000,10084.464008
309.9569,1000,10084.464024
307.40256,1000,10084.464036
197.5412,1000,10101.068344
457.48737,1000,10101.068406
324.70605,1000,10101.068426
36.077347,1000,10101.068439
50.16073,1000,10118.470859
70.36962,1000,10118.47091
29.965239,1000,10118.470928
128.64526,1000,10118.470941
